{
    "m_Version": 8,
    "m_TraderID": 1,
    "m_ClassName": "ExpansionP2PTraderAIIrena",
    "m_Position": [
        7100.0,
        300.0,
        7750.0
    ],
    "m_Orientation": [
        0.0,
        0.0,
        0.0
    ],
    "m_LoadoutFile": "YellowKingLoadout",
    "m_VehicleSpawnPosition": [
        7100.0,
        300.0,
        7750.0
    ],
    "m_WatercraftSpawnPosition": [
        0.0,
        0.0,
        0.0
    ],
    "m_AircraftSpawnPosition": [
        0.0,
        0.0,
        0.0
    ],
    "m_DisplayName": "Unknown",
    "m_DisplayIcon": "Deliver",
    "m_Faction": "InvincibleObservers",
    "m_Waypoints": [],
    "m_EmoteID": 46,
    "m_EmoteIsStatic": 0,
    "m_RequiredFaction": "",
    "m_UseReputation": 0,
    "m_MinRequiredReputation": 0,
    "m_MaxRequiredReputation": 2147483647,
    "m_RequiredCompletedQuestID": -1,
    "m_IsGlobalTrader": 0,
    "m_Currencies": [
        "expansionbanknotehryvnia"
    ],
    "m_DisplayCurrencyValue": 1,
    "m_DisplayCurrencyName": ""
}