{
    "m_Version": 31,
    "Enabled": 1,
    "FormationScale": -1.0,
    "DespawnTime": 600.0,
    "RespawnTime": -1.0,
    "MinDistRadius": 400.0,
    "MaxDistRadius": 1000.0,
    "DespawnRadius": 1100.0,
    "AccuracyMin": -1.0,
    "AccuracyMax": -1.0,
    "ThreatDistanceLimit": -1.0,
    "NoiseInvestigationDistanceLimit": -1.0,
    "MaxFlankingDistance": -1.0,
    "EnableFlankingOutsideCombat": -1,
    "DamageMultiplier": -1.0,
    "DamageReceivedMultiplier": -1.0,
    "LoadBalancingCategories": {
        "Example": [
            {
                "MinPlayers": 0,
                "MaxPlayers": 255,
                "MaxPatrols": -1
            }
        ],
        "Quest": [
            {
                "MinPlayers": 0,
                "MaxPlayers": 255,
                "MaxPatrols": -1
            }
        ],
        "Global": [
            {
                "MinPlayers": 0,
                "MaxPlayers": 10,
                "MaxPatrols": 10
            },
            {
                "MinPlayers": 11,
                "MaxPlayers": 20,
                "MaxPatrols": 8
            },
            {
                "MinPlayers": 21,
                "MaxPlayers": 30,
                "MaxPatrols": 6
            },
            {
                "MinPlayers": 31,
                "MaxPlayers": 40,
                "MaxPatrols": 4
            },
            {
                "MinPlayers": 41,
                "MaxPlayers": 50,
                "MaxPatrols": 2
            },
            {
                "MinPlayers": 51,
                "MaxPlayers": 255,
                "MaxPatrols": 0
            }
        ],
        "HelicopterWreck": [
            {
                "MinPlayers": 0,
                "MaxPlayers": 255,
                "MaxPatrols": 3
            }
        ],
        "ObjectPatrol": [
            {
                "MinPlayers": 0,
                "MaxPlayers": 255,
                "MaxPatrols": 5
            }
        ],
        "ContaminatedArea": [
            {
                "MinPlayers": 0,
                "MaxPlayers": 255,
                "MaxPatrols": 2
            }
        ],
        "Patrol": [
            {
                "MinPlayers": 0,
                "MaxPlayers": 255,
                "MaxPatrols": 25
            }
        ]
    },
    "Patrols": [
        {
            "Name": "",
            "Persist": 0,
            "Faction": "West",
            "Formation": "",
            "FormationScale": 0.0,
            "FormationLooseness": 0.0,
            "Loadout": "",
            "Units": [],
            "NumberOfAI": 1,
            "NumberOfAIMax": 3,
            "Behaviour": "ALTERNATE",
            "LootingBehaviour": "",
            "Speed": "WALK",
            "UnderThreatSpeed": "SPRINT",
            "DefaultStance": "STANDING",
            "DefaultLookAngle": 0.0,
            "CanBeLooted": 1,
            "LootDropOnDeath": "",
            "UnlimitedReload": 0,
            "SniperProneDistanceThreshold": 0.0,
            "AccuracyMin": -1.0,
            "AccuracyMax": -1.0,
            "ThreatDistanceLimit": -1.0,
            "NoiseInvestigationDistanceLimit": -1.0,
            "MaxFlankingDistance": -1.0,
            "EnableFlankingOutsideCombat": -1,
            "DamageMultiplier": -1.0,
            "DamageReceivedMultiplier": -1.0,
            "HeadshotResistance": 0.0,
            "CanSpawnInContaminatedArea": 0,
            "CanBeTriggeredByAI": 0,
            "MinDistRadius": -1.0,
            "MaxDistRadius": -1.0,
            "DespawnRadius": -1.0,
            "MinSpreadRadius": 5.0,
            "MaxSpreadRadius": 20.0,
            "Chance": 1.0,
            "DespawnTime": -1.0,
            "RespawnTime": -2.0,
            "LoadBalancingCategory": "",
            "ObjectClassName": "Wreck_UH1Y",
            "WaypointInterpolation": "",
            "UseRandomWaypointAsStartPoint": 0,
            "Waypoints": []
        },
        {
            "Name": "",
            "Persist": 0,
            "Faction": "East",
            "Formation": "",
            "FormationScale": 0.0,
            "FormationLooseness": 0.0,
            "Loadout": "",
            "Units": [],
            "NumberOfAI": 1,
            "NumberOfAIMax": 3,
            "Behaviour": "ALTERNATE",
            "LootingBehaviour": "",
            "Speed": "WALK",
            "UnderThreatSpeed": "SPRINT",
            "DefaultStance": "STANDING",
            "DefaultLookAngle": 0.0,
            "CanBeLooted": 1,
            "LootDropOnDeath": "",
            "UnlimitedReload": 0,
            "SniperProneDistanceThreshold": 0.0,
            "AccuracyMin": -1.0,
            "AccuracyMax": -1.0,
            "ThreatDistanceLimit": -1.0,
            "NoiseInvestigationDistanceLimit": -1.0,
            "MaxFlankingDistance": -1.0,
            "EnableFlankingOutsideCombat": -1,
            "DamageMultiplier": -1.0,
            "DamageReceivedMultiplier": -1.0,
            "HeadshotResistance": 0.0,
            "CanSpawnInContaminatedArea": 0,
            "CanBeTriggeredByAI": 0,
            "MinDistRadius": -1.0,
            "MaxDistRadius": -1.0,
            "DespawnRadius": -1.0,
            "MinSpreadRadius": 5.0,
            "MaxSpreadRadius": 20.0,
            "Chance": 1.0,
            "DespawnTime": -1.0,
            "RespawnTime": -2.0,
            "LoadBalancingCategory": "",
            "ObjectClassName": "Wreck_Mi8_Crashed",
            "WaypointInterpolation": "",
            "UseRandomWaypointAsStartPoint": 0,
            "Waypoints": []
        },
        {
            "Name": "",
            "Persist": 0,
            "Faction": "East",
            "Formation": "",
            "FormationScale": 0.0,
            "FormationLooseness": 0.0,
            "Loadout": "PoliceLoadout",
            "Units": [],
            "NumberOfAI": 1,
            "NumberOfAIMax": 3,
            "Behaviour": "HALT",
            "LootingBehaviour": "",
            "Speed": "WALK",
            "UnderThreatSpeed": "SPRINT",
            "DefaultStance": "STANDING",
            "DefaultLookAngle": 0.0,
            "CanBeLooted": 1,
            "LootDropOnDeath": "",
            "UnlimitedReload": 0,
            "SniperProneDistanceThreshold": 0.0,
            "AccuracyMin": -1.0,
            "AccuracyMax": -1.0,
            "ThreatDistanceLimit": -1.0,
            "NoiseInvestigationDistanceLimit": -1.0,
            "MaxFlankingDistance": -1.0,
            "EnableFlankingOutsideCombat": -1,
            "DamageMultiplier": -1.0,
            "DamageReceivedMultiplier": -1.0,
            "HeadshotResistance": 0.0,
            "CanSpawnInContaminatedArea": 0,
            "CanBeTriggeredByAI": 0,
            "MinDistRadius": -1.0,
            "MaxDistRadius": -1.0,
            "DespawnRadius": -1.0,
            "MinSpreadRadius": 5.0,
            "MaxSpreadRadius": 10.0,
            "Chance": 1.0,
            "DespawnTime": -1.0,
            "RespawnTime": -2.0,
            "LoadBalancingCategory": "",
            "ObjectClassName": "Land_Wreck_sed01_aban1_police",
            "WaypointInterpolation": "",
            "UseRandomWaypointAsStartPoint": 0,
            "Waypoints": []
        },
        {
            "Name": "",
            "Persist": 0,
            "Faction": "East",
            "Formation": "",
            "FormationScale": 0.0,
            "FormationLooseness": 0.0,
            "Loadout": "PoliceLoadout",
            "Units": [],
            "NumberOfAI": 1,
            "NumberOfAIMax": 3,
            "Behaviour": "HALT",
            "LootingBehaviour": "",
            "Speed": "WALK",
            "UnderThreatSpeed": "SPRINT",
            "DefaultStance": "STANDING",
            "DefaultLookAngle": 0.0,
            "CanBeLooted": 1,
            "LootDropOnDeath": "",
            "UnlimitedReload": 0,
            "SniperProneDistanceThreshold": 0.0,
            "AccuracyMin": -1.0,
            "AccuracyMax": -1.0,
            "ThreatDistanceLimit": -1.0,
            "NoiseInvestigationDistanceLimit": -1.0,
            "MaxFlankingDistance": -1.0,
            "EnableFlankingOutsideCombat": -1,
            "DamageMultiplier": -1.0,
            "DamageReceivedMultiplier": -1.0,
            "HeadshotResistance": 0.0,
            "CanSpawnInContaminatedArea": 0,
            "CanBeTriggeredByAI": 0,
            "MinDistRadius": -1.0,
            "MaxDistRadius": -1.0,
            "DespawnRadius": -1.0,
            "MinSpreadRadius": 5.0,
            "MaxSpreadRadius": 10.0,
            "Chance": 1.0,
            "DespawnTime": -1.0,
            "RespawnTime": -2.0,
            "LoadBalancingCategory": "",
            "ObjectClassName": "Land_Wreck_sed01_aban2_police",
            "WaypointInterpolation": "",
            "UseRandomWaypointAsStartPoint": 0,
            "Waypoints": []
        },
        {
            "Name": "",
            "Persist": 0,
            "Faction": "East",
            "Formation": "",
            "FormationScale": 0.0,
            "FormationLooseness": 0.0,
            "Loadout": "PoliceLoadout",
            "Units": [],
            "NumberOfAI": 1,
            "NumberOfAIMax": 3,
            "Behaviour": "HALT",
            "LootingBehaviour": "",
            "Speed": "WALK",
            "UnderThreatSpeed": "SPRINT",
            "DefaultStance": "STANDING",
            "DefaultLookAngle": 0.0,
            "CanBeLooted": 1,
            "LootDropOnDeath": "",
            "UnlimitedReload": 0,
            "SniperProneDistanceThreshold": 0.0,
            "AccuracyMin": -1.0,
            "AccuracyMax": -1.0,
            "ThreatDistanceLimit": -1.0,
            "NoiseInvestigationDistanceLimit": -1.0,
            "MaxFlankingDistance": -1.0,
            "EnableFlankingOutsideCombat": -1,
            "DamageMultiplier": -1.0,
            "DamageReceivedMultiplier": -1.0,
            "HeadshotResistance": 0.0,
            "CanSpawnInContaminatedArea": 0,
            "CanBeTriggeredByAI": 0,
            "MinDistRadius": -1.0,
            "MaxDistRadius": -1.0,
            "DespawnRadius": -1.0,
            "MinSpreadRadius": 5.0,
            "MaxSpreadRadius": 10.0,
            "Chance": 1.0,
            "DespawnTime": -1.0,
            "RespawnTime": -2.0,
            "LoadBalancingCategory": "",
            "ObjectClassName": "Land_Wreck_hb01_aban1_police",
            "WaypointInterpolation": "",
            "UseRandomWaypointAsStartPoint": 0,
            "Waypoints": []
        },
        {
            "Name": "",
            "Persist": 0,
            "Faction": "East",
            "Formation": "",
            "FormationScale": 0.0,
            "FormationLooseness": 0.0,
            "Loadout": "PoliceLoadout",
            "Units": [],
            "NumberOfAI": 1,
            "NumberOfAIMax": 3,
            "Behaviour": "HALT",
            "LootingBehaviour": "",
            "Speed": "WALK",
            "UnderThreatSpeed": "SPRINT",
            "DefaultStance": "STANDING",
            "DefaultLookAngle": 0.0,
            "CanBeLooted": 1,
            "LootDropOnDeath": "",
            "UnlimitedReload": 0,
            "SniperProneDistanceThreshold": 0.0,
            "AccuracyMin": -1.0,
            "AccuracyMax": -1.0,
            "ThreatDistanceLimit": -1.0,
            "NoiseInvestigationDistanceLimit": -1.0,
            "MaxFlankingDistance": -1.0,
            "EnableFlankingOutsideCombat": -1,
            "DamageMultiplier": -1.0,
            "DamageReceivedMultiplier": -1.0,
            "HeadshotResistance": 0.0,
            "CanSpawnInContaminatedArea": 0,
            "CanBeTriggeredByAI": 0,
            "MinDistRadius": -1.0,
            "MaxDistRadius": -1.0,
            "DespawnRadius": -1.0,
            "MinSpreadRadius": 5.0,
            "MaxSpreadRadius": 10.0,
            "Chance": 1.0,
            "DespawnTime": -1.0,
            "RespawnTime": -2.0,
            "LoadBalancingCategory": "",
            "ObjectClassName": "Land_Wreck_hb01_aban2_police",
            "WaypointInterpolation": "",
            "UseRandomWaypointAsStartPoint": 0,
            "Waypoints": []
        },
        {
            "Name": "",
            "Persist": 0,
            "Faction": "West",
            "Formation": "",
            "FormationScale": 0.0,
            "FormationLooseness": 0.0,
            "Loadout": "",
            "Units": [],
            "NumberOfAI": 1,
            "NumberOfAIMax": 3,
            "Behaviour": "LOOP",
            "LootingBehaviour": "",
            "Speed": "WALK",
            "UnderThreatSpeed": "SPRINT",
            "DefaultStance": "STANDING",
            "DefaultLookAngle": 0.0,
            "CanBeLooted": 1,
            "LootDropOnDeath": "",
            "UnlimitedReload": 0,
            "SniperProneDistanceThreshold": 0.0,
            "AccuracyMin": -1.0,
            "AccuracyMax": -1.0,
            "ThreatDistanceLimit": -1.0,
            "NoiseInvestigationDistanceLimit": -1.0,
            "MaxFlankingDistance": -1.0,
            "EnableFlankingOutsideCombat": -1,
            "DamageMultiplier": -1.0,
            "DamageReceivedMultiplier": -1.0,
            "HeadshotResistance": 0.0,
            "CanSpawnInContaminatedArea": 0,
            "CanBeTriggeredByAI": 0,
            "MinDistRadius": -1.0,
            "MaxDistRadius": -1.0,
            "DespawnRadius": -1.0,
            "MinSpreadRadius": 1.0,
            "MaxSpreadRadius": 100.0,
            "Chance": 1.0,
            "DespawnTime": -1.0,
            "RespawnTime": -2.0,
            "LoadBalancingCategory": "",
            "ObjectClassName": "",
            "WaypointInterpolation": "",
            "UseRandomWaypointAsStartPoint": 1,
            "Waypoints": [
                [
                    6000.0,
                    0.0,
                    6000.0
                ],
                [
                    6000.0,
                    0.0,
                    6500.0
                ],
                [
                    6500.0,
                    0.0,
                    6500.0
                ],
                [
                    6500.0,
                    0.0,
                    6000.0
                ]
            ]
        },
        {
            "Name": "",
            "Persist": 0,
            "Faction": "East",
            "Formation": "",
            "FormationScale": 0.0,
            "FormationLooseness": 0.0,
            "Loadout": "",
            "Units": [],
            "NumberOfAI": 1,
            "NumberOfAIMax": 3,
            "Behaviour": "LOOP",
            "LootingBehaviour": "",
            "Speed": "WALK",
            "UnderThreatSpeed": "SPRINT",
            "DefaultStance": "STANDING",
            "DefaultLookAngle": 0.0,
            "CanBeLooted": 1,
            "LootDropOnDeath": "",
            "UnlimitedReload": 0,
            "SniperProneDistanceThreshold": 0.0,
            "AccuracyMin": -1.0,
            "AccuracyMax": -1.0,
            "ThreatDistanceLimit": -1.0,
            "NoiseInvestigationDistanceLimit": -1.0,
            "MaxFlankingDistance": -1.0,
            "EnableFlankingOutsideCombat": -1,
            "DamageMultiplier": -1.0,
            "DamageReceivedMultiplier": -1.0,
            "HeadshotResistance": 0.0,
            "CanSpawnInContaminatedArea": 0,
            "CanBeTriggeredByAI": 0,
            "MinDistRadius": -1.0,
            "MaxDistRadius": -1.0,
            "DespawnRadius": -1.0,
            "MinSpreadRadius": 1.0,
            "MaxSpreadRadius": 100.0,
            "Chance": 1.0,
            "DespawnTime": -1.0,
            "RespawnTime": -2.0,
            "LoadBalancingCategory": "",
            "ObjectClassName": "",
            "WaypointInterpolation": "",
            "UseRandomWaypointAsStartPoint": 1,
            "Waypoints": [
                [
                    6500.0,
                    0.0,
                    6500.0
                ],
                [
                    6000.0,
                    0.0,
                    6500.0
                ],
                [
                    6000.0,
                    0.0,
                    6000.0
                ],
                [
                    6500.0,
                    0.0,
                    6000.0
                ]
            ]
        },
        {
            "Name": "",
            "Persist": 0,
            "Faction": "Raiders",
            "Formation": "",
            "FormationScale": 0.0,
            "FormationLooseness": 0.0,
            "Loadout": "",
            "Units": [],
            "NumberOfAI": 1,
            "NumberOfAIMax": 0,
            "Behaviour": "ALTERNATE",
            "LootingBehaviour": "",
            "Speed": "SPRINT",
            "UnderThreatSpeed": "SPRINT",
            "DefaultStance": "STANDING",
            "DefaultLookAngle": 0.0,
            "CanBeLooted": 1,
            "LootDropOnDeath": "",
            "UnlimitedReload": 0,
            "SniperProneDistanceThreshold": 0.0,
            "AccuracyMin": -1.0,
            "AccuracyMax": -1.0,
            "ThreatDistanceLimit": -1.0,
            "NoiseInvestigationDistanceLimit": -1.0,
            "MaxFlankingDistance": -1.0,
            "EnableFlankingOutsideCombat": -1,
            "DamageMultiplier": -1.0,
            "DamageReceivedMultiplier": -1.0,
            "HeadshotResistance": 0.0,
            "CanSpawnInContaminatedArea": 0,
            "CanBeTriggeredByAI": 0,
            "MinDistRadius": -1.0,
            "MaxDistRadius": -1.0,
            "DespawnRadius": -1.0,
            "MinSpreadRadius": 1.0,
            "MaxSpreadRadius": 100.0,
            "Chance": 1.0,
            "DespawnTime": -1.0,
            "RespawnTime": -2.0,
            "LoadBalancingCategory": "",
            "ObjectClassName": "",
            "WaypointInterpolation": "",
            "UseRandomWaypointAsStartPoint": 1,
            "Waypoints": [
                [
                    6000.0,
                    0.0,
                    6000.0
                ],
                [
                    6250.0,
                    0.0,
                    6250.0
                ],
                [
                    6500.0,
                    0.0,
                    6500.0
                ]
            ]
        }
    ]
}