{
    "m_Version": 11,
    "PoorItemRequirement": 0,
    "CommonItemRequirement": 0,
    "UncommonItemRequirement": 1000,
    "RareItemRequirement": 2000,
    "EpicItemRequirement": 3000,
    "LegendaryItemRequirement": 4000,
    "MythicItemRequirement": 5000,
    "ExoticItemRequirement": 10000,
    "ShowHardlineHUD": 1,
    "UseReputation": 1,
    "UseFactionReputation": 0,
    "EnableFactionPersistence": 0,
    "EnableItemRarity": 1,
    "UseItemRarityOnInventoryIcons": 1,
    "UseItemRarityForMarketPurchase": 1,
    "UseItemRarityForMarketSell": 1,
    "MaxReputation": 0,
    "ReputationLossOnDeath": 100,
    "DefaultItemRarity": 2,
    "ItemRarityParentSearch": 0,
    "EntityReputation": {
        "Animal_GallusGallusDomesticus": 1,
        "Animal_UrsusArctos": 50,
        "ZombieBase": 10,
        "Animal_UrsusMaritimus": 50,
        "ZmbM_NBC_Yellow": 20,
        "eAIBase": 100,
        "AnimalBase": 10,
        "ZmbM_SoldierNormal_Base": 20,
        "ZmbM_NBC_Grey": 20,
        "PlayerBase": 100
    },
    "ItemRarity": {
        "aviatorglasses": 3,
        "booniehat_blue": 4,
        "wolfsteakmeat": 3,
        "tomato": 3,
        "joggingshoes_black": 2,
        "sparkplug": 4,
        "mag_cz550_10rnd": 5,
        "flag_chel": 3,
        "expansion_ammobox_8mm_15rnd": 4,
        "civsedandoors_driver_black": 4,
        "hatchbackdoors_driver_white": 4,
        "platecarriervest": 5,
        "expansiongps": 4,
        "flatcap_grey": 2,
        "epinephrine": 5,
        "bomberjacket_blue": 2,
        "ballerinas_yellow": 2,
        "lunchmeat": 3,
        "salinebag": 5,
        "expansion_flag_expansion": 3,
        "sneakers_white": 2,
        "mountainbag_orange": 5,
        "expansion_flag_brazil": 3,
        "raincoat_black": 4,
        "labcoat": 2,
        "ammo_308wintracer": 4,
        "ammo_556x45": 4,
        "woolcoat_green": 2,
        "slackspants_lightgrey": 2,
        "slackspants_khaki": 2,
        "woolcoat_bluecheck": 2,
        "chestplate": 5,
        "civsedanwheel": 4,
        "ghillieatt_woodland": 5,
        "p1": 4,
        "purificationtablets": 4,
        "balaclavamask_black": 4,
        "huntingoptic": 4,
        "chemlight_blue": 3,
        "woolcoat_browncheck": 2,
        "combinationlock4": 5,
        "armband_green": 2,
        "bdupants": 4,
        "m18smokegrenade_green": 4,
        "firefightershelmet_yellow": 5,
        "armband_wolf": 2,
        "vodka": 3,
        "usmcpants_desert": 4,
        "expansion_landrover_trunk": 4,
        "mansuit_beige": 2,
        "kitchenknife": 4,
        "dirtbikehelmet_police": 4,
        "expansion_flag_chernarus": 3,
        "slackspants_blue": 2,
        "taloonbag_green": 3,
        "highcapacityvest_black": 4,
        "civsedandoors_backleft": 4,
        "sedan_02_trunk_grey": 4,
        "armband_chernarus": 2,
        "hippack_medical": 3,
        "bandana_greenpattern": 2,
        "beaniehat_pink": 3,
        "mosin_bayonet": 3,
        "chernarusmap": 3,
        "barrel_red": 5,
        "athleticshoes_green": 2,
        "designerglasses": 3,
        "agaricusmushroom": 3,
        "flag_hunterz": 3,
        "expansiontractordoorsdriver": 4,
        "surgicalgloves_blue": 2,
        "quiltedjacket_grey": 2,
        "m4a1": 5,
        "expansiontractorbackwheel": 4,
        "barrelholes_green": 5,
        "pleurotusmushroom": 3,
        "huntingknife": 4,
        "thickframesglasses": 3,
        "hikingboots_black": 4,
        "tracksuitpants_red": 2,
        "firstaidkit": 3,
        "ammobox_762x39_20rnd": 4,
        "expansionrpg7": 6,
        "ammo_expansion_m203_smoke_yellow": 3,
        "hockeyhelmet_red": 4,
        "ammo_expansion_m203_sticky_smoke_white": 3,
        "ammobox_9x39_20rnd": 4,
        "mag_fnx45_15rnd": 3,
        "joggingshoes_violet": 2,
        "ammo_22": 3,
        "expansionuh1hdoor_2_1": 4,
        "expansionuh1hdoor_2_2": 4,
        "lunchmeat_opened": 3,
        "hippack_black": 3,
        "hunterpants_summer": 4,
        "disinfectantalcohol": 4,
        "expansion_flag_purple": 3,
        "ammo_expansion_m203_he": 4,
        "mag_cz75_15rnd": 3,
        "ammo_545x39": 4,
        "shovel": 4,
        "tacticalshirt_olive": 4,
        "nvgheadstrap": 5,
        "mp133shotgun": 4,
        "jeans_bluedark": 2,
        "expansiontractordoorscodriver": 4,
        "medicalscrubspants_green": 2,
        "armband_napa": 2,
        "mosin9130": 4,
        "mag_vikhr_30rnd": 5,
        "greenbellpepper": 3,
        "barrelholes_yellow": 5,
        "expansionsafelarge": 6,
        "tetracyclineantibiotics": 4,
        "barbedwire": 4,
        "joggingshoes_white": 2,
        "tracksuitpants_lightblue": 2,
        "jungleboots_black": 4,
        "wellies_green": 4,
        "nbcbootsyellow": 6,
        "womansuit_darkgrey": 2,
        "alicebag_black": 5,
        "armband_cdf": 2,
        "nailbox": 4,
        "expansionkeychain_blue": 3,
        "ammo_flare": 3,
        "huntingjacket_brown": 5,
        "dirtbikehelmet_mouthguard": 4,
        "ammobox_45acp_25rnd": 4,
        "mediumtent_orange": 3,
        "beaniehat_green": 3,
        "expansion_flag_belgium": 3,
        "motohelmet_red": 4,
        "civsedandoors_codriver": 4,
        "jeans_grey": 2,
        "expansiongoldbar": 5,
        "ammo_545x39tracer": 4,
        "hatchback_02_door_1_2_blue": 4,
        "hatchback_02_hood_blue": 4,
        "expansion_flag_portugal": 3,
        "expansionhamroptic": 4,
        "balaclavamask_white": 4,
        "nursedress_blue": 2,
        "ducttape": 4,
        "expansioncarkey": 5,
        "bomberjacket_grey": 2,
        "waterbottle": 3,
        "deagle_gold": 4,
        "hikingboots_brown": 4,
        "joggingshoes_blue": 2,
        "reflexvest": 3,
        "augshort": 5,
        "acogoptic_6x": 4,
        "armband_red": 2,
        "expansion_flag_napa": 3,
        "bomberjacket_skyblue": 2,
        "booniehat_tan": 4,
        "armband_uec": 2,
        "mag_expansion_taser": 3,
        "balaclava3holes_black": 4,
        "omnogloves_gray": 5,
        "tshirt_blue": 2,
        "armband_babydeer": 2,
        "compass": 3,
        "motohelmet_green": 4,
        "sedan_02_door_1_1": 4,
        "sedan_02_door_1_2": 4,
        "armband_bohemia": 2,
        "ghilliehood_woodland": 6,
        "broom_birch": 3,
        "flag_brainz": 3,
        "derringer_grey": 3,
        "expansion_pmii25optic": 4,
        "highcapacityvest_olive": 4,
        "expansion_benellim4": 5,
        "jumpsuitpants_red": 2,
        "medicalscrubshat_green": 2,
        "beaniehat_red": 3,
        "headlighth7": 3,
        "expansionuazdoordriver": 4,
        "rangefinder": 5,
        "blouse_violet": 2,
        "ammo_expansion_m203_sticky_smoke_red": 3,
        "carbattery": 4,
        "sedan_02_door_2_1_grey": 4,
        "truck_01_door_1_1_orange": 4,
        "usmcjacket_woodland": 5,
        "hatchbackdoors_codriver": 4,
        "hatchbacktrunk": 4,
        "ammo_expansion_m203_sticky_smoke_yellow": 3,
        "hunterpants_brown": 4,
        "chickenbreastmeat": 3,
        "sambucusberry": 3,
        "tirerepairkit": 4,
        "pitchfork": 3,
        "boarsteakmeat": 3,
        "slicedpumpkin": 3,
        "canvaspants_blue": 2,
        "balaclavamask_beige": 4,
        "expansion_flag_nato": 3,
        "jungleboots_green": 4,
        "coyotebag_brown": 4,
        "aks74u_bttstck": 4,
        "handcuffs": 4,
        "jeans_green": 2,
        "plastic_explosive": 5,
        "ghillieatt_mossy": 5,
        "zagorkypeanuts": 3,
        "expansionkeychain_pink": 3,
        "powergenerator": 4,
        "hoodie_red": 2,
        "pso1optic": 4,
        "expansion_flag_germany": 3,
        "mag_aug_30rnd": 5,
        "petrollighter": 4,
        "ammo_expansion_338": 4,
        "improvisedfishingrod": 2,
        "battery9v": 3,
        "armband_livonia": 2,
        "fnp45_mrdsoptic": 4,
        "mag_ruger1022_30rnd": 5,
        "armband_cmc": 2,
        "pp19_bttstck": 5,
        "m4_plastichndgrd": 4,
        "sedan_02_door_2_2_grey": 4,
        "flag_livoniapolice": 3,
        "woodaxe": 4,
        "sneakers_red": 2,
        "huntingjacket_summer": 5,
        "sweater_gray": 2,
        "mansuit_khaki": 2,
        "breeches_black": 2,
        "armband_pirates": 2,
        "ammo_9x19": 3,
        "workingboots_grey": 3,
        "workingboots_green": 3,
        "offroad_02_door_1_1": 4,
        "offroad_02_door_1_2": 4,
        "dirtbikehelmet_khaki": 4,
        "acogoptic": 4,
        "expansion_mh6_door_1_2_black": 4,
        "truck_01_door_1_1": 4,
        "motohelmet_grey": 4,
        "hoodie_green": 2,
        "militaryberet_cdf": 3,
        "canteen": 4,
        "hunterpants_autumn": 4,
        "militaryboots_beige": 5,
        "mag_scout_5rnd": 5,
        "steakknife": 2,
        "bandana_camopattern": 2,
        "largegascanister": 3,
        "nbchoodgray": 6,
        "truck_01_hood_orange": 4,
        "sedan_02_door_1_2_red": 4,
        "flag_crook": 3,
        "ammobox_308win_20rnd": 4,
        "hippack_party": 3,
        "flag_dayz": 3,
        "expansion_flag_newzealand": 3,
        "gpsreceiver": 4,
        "zmijovkacap_black": 2,
        "expansionridersjacketdarkblue": 2,
        "expansion_flag_fari": 3,
        "booniehat_dubok": 4,
        "minidress_bluechecker": 2,
        "netting": 3,
        "carradiator": 4,
        "plum": 3,
        "ghilliehood_mossy": 6,
        "m4_oebttstck": 5,
        "portablegasstove": 4,
        "hikingbootslow_grey": 3,
        "ballistichelmet_green": 5,
        "militaryberet_red": 3,
        "reflexoptic": 4,
        "dressshoes_black": 2,
        "canvaspants_violet": 2,
        "gorkahelmet_black": 5,
        "mag_akm_palm30rnd": 5,
        "expansion_flag_white": 3,
        "ghillietop_woodland": 6,
        "mag_akm_drum75rnd": 5,
        "bomberjacket_brown": 2,
        "pressvest_lightblue": 4,
        "ukassvest_khaki": 4,
        "ammobox_545x39_20rnd": 4,
        "workingboots_yellow": 3,
        "usmcjacket_desert": 5,
        "expansionkar98scopeoptic": 4,
        "cz550": 4,
        "ushanka_blue": 5,
        "smershvest": 4,
        "hook": 3,
        "ak101": 5,
        "radarcap_green": 2,
        "tshirt_orangewhitestripes": 2,
        "flag_uec": 3,
        "ump45": 4,
        "mountainbag_blue": 5,
        "darkmotohelmet_blue": 5,
        "buisoptic": 4,
        "sedan_02_door_1_2_grey": 4,
        "startkitiv": 4,
        "flag_tec": 3,
        "fabric": 3,
        "partytent_lunapark": 3,
        "mediumgascanister": 3,
        "spotlight": 4,
        "marmalade": 3,
        "ghilliehood_tan": 6,
        "hatchback_02_door_2_1_blue": 4,
        "armband_chedaki": 2,
        "grenade_chemgas": 5,
        "mp5_plastichndgrd": 3,
        "lactariusmushroom": 3,
        "blowtorch": 4,
        "ammo_762x54tracer": 4,
        "bandana_blackpattern": 2,
        "balaclavamask_blue": 4,
        "paramedicpants_blue": 2,
        "militaryboots_bluerock": 5,
        "pso11optic": 4,
        "jumpsuitpants_blue": 2,
        "ballerinas_red": 2,
        "mag_expansion_m14_20rnd": 5,
        "mag_expansion_vityaz_30rnd": 5,
        "sneakers_green": 2,
        "charcoaltablets": 3,
        "nbcjacketyellow": 6,
        "assaultbag_black": 4,
        "m4_mphndgrd": 5,
        "gorkaejacket_flat": 5,
        "hatchbackdoors_driver": 4,
        "expansion_flag_scotland": 3,
        "flatcap_greycheck": 2,
        "ammobox_9x19_25rnd": 4,
        "flatcap_brown": 2,
        "zmijovkacap_brown": 2,
        "balaclava3holes_beige": 4,
        "armband_rooster": 2,
        "hikingjacket_black": 3,
        "dirtbikehelmet_red": 4,
        "ghillietop_tan": 6,
        "barrelholes_blue": 5,
        "combatknife": 5,
        "skatehelmet_gray": 4,
        "beaniehat_blue": 3,
        "expansion_flag_netherlands": 3,
        "pistoloptic": 4,
        "machete": 4,
        "flag_nsahrani": 3,
        "crossbow_black": 4,
        "mansuit_darkgrey": 2,
        "dressshoes_brown": 2,
        "expansion_flag_southafrica": 3,
        "nbcpantsyellow": 6,
        "combatboots_grey": 4,
        "barrel_yellow": 5,
        "expansioncowboyhatrattlesnake": 3,
        "mag_stanag_60rnd": 5,
        "fishingrod": 3,
        "ammo_expansion_m203_smoke_white": 3,
        "orientalmachete": 4,
        "shirt_bluecheckbright": 2,
        "telnyashkashirt": 2,
        "constructionhelmet_blue": 4,
        "ammobox_12gaslug_10rnd": 4,
        "tacticalshirt_tan": 4,
        "armband_chel": 2,
        "mag_cmag_40rnd": 5,
        "ak_woodbttstck": 4,
        "sodacan_spite": 4,
        "partytent": 3,
        "mag_ak74_30rnd": 5,
        "ammobox_9x39ap_20rnd": 4,
        "flatcap_blue": 2,
        "flag_rsta": 3,
        "drybag_black": 3,
        "unknownfoodcan": 3,
        "expansionpropanetorch": 4,
        "mountainbag_red": 5,
        "balaclavamask_blackskull": 4,
        "ttskopants": 4,
        "mag_akm_30rnd": 5,
        "ghillietop_mossy": 6,
        "huntingjacket_autumn": 5,
        "shirt_greencheck": 2,
        "cablereel": 4,
        "flag_livoniaarmy": 3,
        "expansion_flag_ireland": 3,
        "tlrlight": 4,
        "dressshoes_white": 2,
        "dogfoodcan_opened": 3,
        "offroad_02_hood": 4,
        "baseballcap_camo": 2,
        "armband_white": 2,
        "balaclavamask_pink": 4,
        "hockeyhelmet_blue": 4,
        "expansionvodnikdoorcodriver": 4,
        "flag_chernarus": 3,
        "mag_val_20rnd": 5,
        "expansion_mh6_door_2_1_black": 4,
        "motohelmet_lime": 4,
        "hatchback_02_door_2_1": 4,
        "hatchback_02_door_2_2": 4,
        "ammobox_308wintracer_20rnd": 4,
        "prisonercap": 2,
        "crowbar": 4,
        "repeater": 3,
        "woolcoat_redcheck": 2,
        "expansionuazdoorcargo1": 4,
        "expansionuazdoorcargo2": 4,
        "mag_saiga_drum20rnd": 5,
        "kobraoptic": 4,
        "expansioncheese1": 3,
        "expansioncheese2": 3,
        "expansioncheese3": 3,
        "expansioncheese4": 3,
        "rdg2smokegrenade_white": 4,
        "civsedanhood_wine": 4,
        "expansionmerlinbackwheel": 4,
        "breeches_beige": 2,
        "flatcap_red": 2,
        "cleaver": 4,
        "deagle": 4,
        "paramedicjacket_blue": 3,
        "portablegaslamp": 4,
        "morphine": 5,
        "eyemask_yellow": 3,
        "assaultbag_ttsko": 4,
        "peachescan_opened": 3,
        "ssg82": 4,
        "sedan_02_hood": 4,
        "expansionbuswheel": 4,
        "baseballcap_cmmg_pink": 2,
        "tracksuitjacket_lightblue": 2,
        "drybag_orange": 3,
        "armband_zenit": 2,
        "ammo_12garubberslug": 3,
        "quiltedjacket_blue": 2,
        "booniehat_black": 4,
        "expansion_flag_luxembourg": 3,
        "ballistichelmet_un": 5,
        "tracksuitpants_black": 2,
        "ak_foldingbttstck": 4,
        "flag_ssahrani": 3,
        "eyemask_christmas": 3,
        "womansuit_blue": 2,
        "canvaspants_red": 2,
        "alicebag_green": 5,
        "crackers": 3,
        "raincoat_green": 4,
        "raincoat_blue": 4,
        "expansionkeychain_black": 3,
        "dressshoes_beige": 2,
        "expansionsatchel": 6,
        "sedan_02_hood_red": 4,
        "platecarriervest_black": 5,
        "expansionridersjacketbrown": 2,
        "balaclavamask_green": 4,
        "expansionhelicopterbattery": 5,
        "booniehat_orange": 4,
        "zmijovkacap_blue": 2,
        "ridersjacket_black": 2,
        "hatchback_02_trunk": 4,
        "spaghettican": 3,
        "ammobox_762x39tracer_20rnd": 4,
        "expansion_mh6_door_2_2_black": 4,
        "mag_expansion_kedr_20rnd": 5,
        "mansuit_lightgrey": 2,
        "izh43shotgun": 4,
        "woodencrate": 6,
        "tomatoseeds": 3,
        "militaryberet_nz": 3,
        "darkmotohelmet_black": 5,
        "baseballcap_black": 2,
        "slackspants_black": 2,
        "gorkaejacket_pautrev": 5,
        "expansion_flag_dayzblack": 3,
        "cowboyhat_darkbrown": 3,
        "policevest": 4,
        "canistergasoline": 5,
        "potatoseed": 3,
        "combatboots_black": 4,
        "flatcap_black": 2,
        "ak74_woodbttstck": 4,
        "chemlight_red": 3,
        "iodinetincture": 5,
        "expansionuazdoorcodriver": 4,
        "eyemask_newyears": 3,
        "expansionlumber1": 3,
        "expansionlumber3": 3,
        "carpfilletmeat": 3,
        "taloonbag_orange": 3,
        "bearsteakmeat": 3,
        "expansion_flag_livonia": 3,
        "m65jacket_khaki": 5,
        "radarcap_blue": 2,
        "gorkahelmetvisor": 5,
        "chemlight_white": 3,
        "zsh3pilothelmet": 5,
        "woodenplank": 3,
        "flaregun": 4,
        "expansion_flag_sweden": 3,
        "tacticalgoggles": 4,
        "woolcoat_red": 2,
        "pumpkin": 3,
        "ghilliesuit_tan": 6,
        "truck_01_wheeldouble": 4,
        "expansionammolaw": 6,
        "mag_saiga_5rnd": 4,
        "policecap": 2,
        "expansion_ammo_arrowbolt": 2,
        "cargopants_black": 4,
        "barbedbaseballbat": 3,
        "ak_railhndgrd": 5,
        "powderedmilk": 3,
        "painkillertablets": 4,
        "mansuit_blue": 2,
        "policepantsorel": 3,
        "akm": 5,
        "breeches_beetcheck": 2,
        "ghilliebushrag_tan": 6,
        "woolcoat_blue": 2,
        "armband_blue": 2,
        "lockpick": 4,
        "ammo_9x39": 3,
        "expansionbuswheeldouble": 4,
        "expansion_flag_chedaki": 3,
        "gasmask": 5,
        "jeans_blue": 2,
        "childbag_blue": 2,
        "mp5k_stockbttstck": 3,
        "raincoat_yellow": 4,
        "matchbox": 4,
        "m18smokegrenade_white": 4,
        "ammo_expansion_m203_smoke_purple": 3,
        "deersteakmeat": 3,
        "baseradio": 5,
        "ghilliesuit_mossy": 6,
        "booniehat_navyblue": 4,
        "civsedandoors_backright_wine": 4,
        "hescobox": 4,
        "porkcan_opened": 3,
        "sks": 4,
        "flag_bohemia": 3,
        "ammo_9x39ap": 3,
        "expansionmilkbottle": 3,
        "chernarussportshirt": 2,
        "raincoat_orange": 4,
        "raincoat_pink": 4,
        "tracksuitjacket_black": 2,
        "expansion_flag_pirate": 3,
        "ballerinas_blue": 2,
        "civsedantrunk": 4,
        "sedan_02_hood_grey": 4,
        "m65jacket_tan": 5,
        "expansionbread1": 3,
        "slackspants_white": 2,
        "expansion_flag_australia": 3,
        "hatchback_02_door_1_1_blue": 4,
        "minidress_pink": 2,
        "expansion_flag_dayzwhite": 3,
        "slackspants_brown": 2,
        "hatchback_02_trunk_blue": 4,
        "jumpsuitpants_green": 2,
        "combatboots_brown": 4,
        "zsh3pilothelmet_black": 5,
        "expansioncoyoteblack": 4,
        "nbcglovesyellow": 6,
        "constructionhelmet_white": 4,
        "policejacketorel": 3,
        "expansioncodelock": 5,
        "sledgehammer": 3,
        "mag_fal_20rnd": 4,
        "leathersewingkit": 4,
        "mag_glock_15rnd": 3,
        "ssh68helmet": 5,
        "expansion_flag_blue": 3,
        "womansuit_khaki": 2,
        "sweater_green": 2,
        "expansionhydraulichoses": 4,
        "ammobox_762x54_20rnd": 4,
        "breeches_blue": 2,
        "sportglasses_orange": 3,
        "crudemachete": 4,
        "ammo_762x39": 4,
        "brassknuckles_shiny": 3,
        "militarybelt": 3,
        "hatchbackhood_white": 4,
        "policejacket": 3,
        "coyotebag_green": 4,
        "expansionsafemedium": 5,
        "expansion_mp5sd": 4,
        "expansion_landrover_hood": 4,
        "flatcap_blackcheck": 2,
        "tshirt_black": 2,
        "mag_mkii_10rnd": 3,
        "pot": 4,
        "rgd5grenade": 5,
        "expansionkeychain_white": 3,
        "expansionkeychain_yellow": 3,
        "ammo_expansion_m203_sticky_smoke_green": 3,
        "metalwire": 4,
        "booniehat_olive": 4,
        "tracksuitpants_green": 2,
        "shortjeans_black": 2,
        "cowsteakmeat": 3,
        "civilianbelt": 3,
        "pliers": 3,
        "expansion_mp5": 4,
        "expansion_mp7": 4,
        "hockeyhelmet_black": 4,
        "mag_expansion_g36_30rnd": 5,
        "bandana_yellow": 2,
        "ammo_762x54": 4,
        "sedan_02_door_2_1": 4,
        "sedan_02_door_2_2": 4,
        "minidress_whitechecker": 2,
        "alarmclock_blue": 3,
        "darkmotohelmet_white": 5,
        "expansionuazdoorhood": 4,
        "pistolsuppressor": 4,
        "armband_pink": 2,
        "balaclava3holes_green": 4,
        "expansion_flag_green": 3,
        "ushanka_black": 5,
        "sodacan_kvass": 3,
        "expansion_dt11": 5,
        "spaghettican_opened": 3,
        "expansioncowboyhatgator": 3,
        "surgicalgloves_white": 2,
        "aks74u": 4,
        "expansioncamotentkit": 3,
        "expansion_mpx": 4,
        "sneakers_gray": 2,
        "canvaspantsmidi_blue": 2,
        "flag_pirates": 3,
        "flag_refuge": 3,
        "sardinescan_opened": 3,
        "expansiontoolbox": 4,
        "expansion_mp5_railatt": 4,
        "workinggloves_beige": 3,
        "baseballcap_olive": 2,
        "claymoremine": 5,
        "medicalscrubshat_white": 2,
        "gorkapants_autumn": 4,
        "m65jacket_black": 5,
        "booniehat_red": 4,
        "offroad_02_wheel": 4,
        "workinggloves_black": 3,
        "expansionkeychain_red": 3,
        "mag_expansion_m9_15rnd": 3,
        "aug": 5,
        "darkmotohelmet_red": 5,
        "honey": 3,
        "mimemask_male": 3,
        "kukriknife": 4,
        "mag_saiga_8rnd": 5,
        "expansion_flag_borduria": 3,
        "ammobox_545x39tracer_20rnd": 4,
        "vss": 4,
        "jumpsuitjacket_gray": 2,
        "armband_nsahrani": 2,
        "pajka_opened": 3,
        "expansion_landrover_left": 4,
        "paper": 2,
        "m4_mpbttstck": 5,
        "puscopeoptic": 4,
        "civsedandoors_driver": 4,
        "armband_dayz": 2,
        "bloodbagempty": 5,
        "expansion_kedr": 4,
        "ak_plastichndgrd": 5,
        "ammo_expansion_m203_sticky_smoke_purple": 3,
        "barrel_blue": 5,
        "m4_cqbbttstck": 5,
        "ammo_expansion_46x30": 4,
        "derringer_pink": 3,
        "athleticshoes_grey": 2,
        "expansion_flag_pink": 3,
        "militaryberet_un": 3,
        "mag_ak101_30rnd": 5,
        "breeches_pink": 2,
        "expansionkeychain_orange": 3,
        "cartent": 3,
        "sodacan_pipsi": 3,
        "svd": 4,
        "mimemask_female": 3,
        "armband_altis": 2,
        "hikingbootslow_blue": 3,
        "shortjeans_brown": 2,
        "hoodie_blue": 2,
        "combatboots_beige": 4,
        "sportglasses_black": 3,
        "ammo_12gaslug": 3,
        "hatchbackdoors_codriver_white": 4,
        "surgicalmask": 2,
        "thermometer": 3,
        "offroad_02_door_2_1": 4,
        "offroad_02_door_2_2": 4,
        "childbag_red": 2,
        "expansiongoldnugget": 5,
        "sweater_blue": 2,
        "mansuit_black": 2,
        "pate": 3,
        "prisonuniformpants": 2,
        "expansion_flag_poland": 3,
        "brisketspread": 3,
        "megaphone": 4,
        "expansion_awm": 5,
        "expansionammorpg": 6,
        "firefightershelmet_red": 5,
        "mackerel": 3,
        "pumpkinseeds": 3,
        "saltysticks": 3,
        "militaryberet_chdkz": 3,
        "unknownfoodcan_opened": 3,
        "armband_apa": 2,
        "woolcoat_blackcheck": 2,
        "ammo_expansion_m203_smoke_green": 3,
        "minidress_greenchecker": 2,
        "childbag_green": 2,
        "expansion_m18smokegrenade_teargas": 4,
        "sks_bayonet": 3,
        "flag_altis": 3,
        "taloonbag_violet": 3,
        "cargopants_beige": 4,
        "mag_ruger1022_15rnd": 5,
        "porkcan": 3,
        "dressshoes_sunburst": 2,
        "expansion_flag_canada": 3,
        "pajka": 3,
        "glowplug": 4,
        "starlightoptic": 4,
        "ammo_huntingbolt": 3,
        "expansion_flag_czechia": 3,
        "paramedicjacket_crimson": 3,
        "shortjeans_darkblue": 2,
        "expansiontacticalglovesdesert": 4,
        "quiltedjacket_red": 2,
        "weaponcleaningkit": 4,
        "motohelmet_white": 4,
        "mackerelfilletmeat": 3,
        "mag_pp19_64rnd": 4,
        "sedan_02_wheel": 4,
        "mag_mp5_15rnd": 4,
        "dirtbikehelmet_black": 4,
        "zmijovkacap_green": 2,
        "roadflare": 4,
        "medicalscrubsshirt_green": 2,
        "amanitamushroom": 3,
        "hockeyhelmet_white": 4,
        "flag_rooster": 3,
        "canvaspantsmidi_beige": 2,
        "expansion_m1a": 4,
        "expansion_flag_japan": 3,
        "skatehelmet_red": 4,
        "expansion_flag_doubleaxe": 3,
        "pepperseeds": 3,
        "armband_brainz": 2,
        "gorkapants_summer": 4,
        "sickle": 3,
        "m67grenade": 5,
        "personalradio": 4,
        "hatchet": 3,
        "expansion_flag_sicily": 3,
        "expansiontee": 2,
        "expansion_flag_biohazard": 3,
        "joggingshoes_red": 2,
        "headtorch_grey": 4,
        "medicalscrubsshirt_blue": 2,
        "civsedandoors_backleft_black": 4,
        "baseballcap_beige": 2,
        "slackspants_beige": 2,
        "cattleprod": 3,
        "flag_rex": 3,
        "nvgoggles": 5,
        "armband_ssahrani": 2,
        "engraved1911": 4,
        "officerhat": 5,
        "thinframesglasses": 3,
        "sardinescan": 3,
        "militaryboots_black": 5,
        "pen_red": 2,
        "quiltedjacket_black": 2,
        "magnum": 4,
        "expansion_flag_cdf": 3,
        "mansuit_brown": 2,
        "engineoil": 5,
        "ammobox_357_20rnd": 4,
        "gardenlime": 3,
        "ukassvest_black": 4,
        "booniehat_flecktran": 4,
        "canvaspants_grey": 2,
        "ammo_expansion_m203_smoke_teargas": 3,
        "shirt_planeblack": 2,
        "flag_bear": 3,
        "workinggloves_yellow": 3,
        "izh18": 3,
        "m9a1_bayonet": 3,
        "colt1911": 4,
        "blouse_blue": 2,
        "caninaberry": 3,
        "m65jacket_olive": 5,
        "armband_yellow": 2,
        "paramedicjacket_green": 3,
        "mag_expansion_awm_5rnd": 6,
        "bonehook": 3,
        "tshirt_beige": 2,
        "m4_t3nrdsoptic": 4,
        "armband_rsta": 2,
        "largetent": 3,
        "flag_cannibals": 3,
        "civsedanhood_black": 4,
        "anticheminjector": 5,
        "cowboyhat_black": 3,
        "cargopants_grey": 4,
        "mag_stanag_30rnd": 5,
        "crossbow_wood": 4,
        "expansion_flag_red": 3,
        "firefightershelmet_white": 5,
        "bandana_redpattern": 2,
        "expansion_mh6_door_1_1": 4,
        "expansion_mh6_door_1_2": 4,
        "zucchiniseeds": 3,
        "assaultbag_green": 4,
        "expansion_landrover_wheel": 4,
        "expansion_m9": 4,
        "expansion_flag_norway": 3,
        "whetstone": 4,
        "bakedbeanscan": 3,
        "mag_cmag_10rnd": 5,
        "expansion_flag_anyoneincherno": 3,
        "armband_livoniaarmy": 2,
        "screwdriver": 3,
        "expansionsafemini": 4,
        "expansionmerlinfrontwheel": 4,
        "mansuit_white": 2,
        "skatehelmet_black": 4,
        "stunbaton": 3,
        "cz527": 4,
        "ammobox_00buck_10rnd": 4,
        "hatchbackwheel": 4,
        "flag_cmc": 3,
        "burlapsack": 3,
        "radarcap_red": 2,
        "ammo_556x45tracer": 4,
        "constructionhelmet_orange": 4,
        "partytent_brown": 3,
        "ammo_357": 3,
        "tacticalgloves_black": 4,
        "ruger1022": 3,
        "surgicalgloves_lightblue": 2,
        "prisonuniformjacket": 2,
        "epoxyputty": 4,
        "xmaslights": 4,
        "firefighterjacket_black": 2,
        "armband_livoniapolice": 2,
        "tracksuitpants_blue": 2,
        "gp5gasmask": 5,
        "hacksaw": 3,
        "nioshfacemask": 3,
        "firefighterspants_black": 4,
        "militaryboots_brown": 5,
        "hatchbackhood_blue": 4,
        "universallight": 4,
        "alicebag_camo": 5,
        "fal_oebttstck": 3,
        "hatchback_02_door_1_1_black": 4,
        "expansion_flag_france": 3,
        "mag_ssg82_5rnd": 4,
        "drybag_green": 3,
        "truck_01_hood_blue": 4,
        "skirt_white": 2,
        "darkmotohelmet_green": 5,
        "handcuffkeys": 4,
        "dogfoodcan": 3,
        "electronicrepairkit": 4,
        "mag_expansion_mpx_50rnd": 5,
        "expansion_landrover_right": 4,
        "m4_carryhandleoptic": 4,
        "civsedandoors_codriver_wine": 4,
        "ammo_380": 3,
        "ghilliesuit_woodland": 6,
        "broom": 3,
        "woolcoat_black": 2,
        "cowboyhat_brown": 3,
        "workinggloves_brown": 3,
        "civsedantrunk_wine": 4,
        "m4_rishndgrd": 5,
        "flashlight": 4,
        "tacticalbaconcan": 3,
        "expansion_flag_wales": 3,
        "hatchbackdoors_codriver_blue": 4,
        "armband_black": 2,
        "mkii": 4,
        "paramedicpants_green": 2,
        "expansion_flag_gibraltar": 3,
        "truck_01_door_2_1": 4,
        "apple": 3,
        "bomberjacket_black": 2,
        "flag_livonia": 3,
        "shirt_redcheck": 2,
        "truck_01_wheel": 4,
        "militaryboots_redpunk": 5,
        "seachest": 6,
        "expansion_flag_rainbow": 3,
        "expansion_flag_finland": 3,
        "canvaspants_beige": 2,
        "asval": 4,
        "expansionboltcutters": 4,
        "mag_stanagcoupled_30rnd": 5,
        "ammobox_380_35rnd": 4,
        "cz75": 4,
        "chainmail_leggings": 8,
        "expansion_flag_southkorea": 3,
        "nbcpantsgray": 6,
        "kitchentimer": 3,
        "handsaw": 3,
        "eyemask_valentines": 3,
        "mag_ak74_45rnd": 5,
        "sweater_red": 2,
        "glock19": 4,
        "expansion_kar98": 4,
        "pate_opened": 3,
        "athleticshoes_black": 2,
        "combinationlock": 4,
        "sedan_02_door_2_1_red": 4,
        "pear": 3,
        "baseballcap_blue": 2,
        "hatchback_02_door_1_2_black": 4,
        "nail": 4,
        "mountainbag_green": 5,
        "mag_expansion_m14_10rnd": 5,
        "ukassvest_olive": 4,
        "winchester70": 4,
        "eyepatch_improvised": 2,
        "quiltedjacket_green": 2,
        "flag_chedaki": 3,
        "sedan_02_door_1_1_grey": 4,
        "eyemask_blue": 3,
        "hatchback_02_hood_black": 4,
        "quiltedjacket_yellow": 2,
        "ak_woodhndgrd": 5,
        "huntingvest": 4,
        "eyemask_black": 3,
        "skirt_yellow": 2,
        "expansionkeychain_green": 3,
        "mich2001helmet": 5,
        "platecarriervest_green": 5,
        "blouse_white": 2,
        "baseballbat": 3,
        "rabbitlegmeat": 3,
        "expansion_crossbow": 4,
        "ammo_expansion_m203_smoke_red": 3,
        "balaclava3holes_blue": 4,
        "nursedress_white": 2,
        "expansioncowboyhatsnake": 3,
        "remotedetonatortrigger": 5,
        "scout": 4,
        "sportglasses_blue": 3,
        "expansion_flag_yellow": 3,
        "nailedbaseballbat": 3,
        "shirt_whitecheck": 2,
        "rdg2smokegrenade_black": 4,
        "hatchbackhood": 4,
        "m18smokegrenade_purple": 4,
        "flag_wolf": 3,
        "tunacan": 3,
        "combatboots_green": 4,
        "tannedleather": 3,
        "truck_01_door_1_1_blue": 4,
        "canvaspantsmidi_violet": 2,
        "expansionsupplysignal": 8,
        "expansion_flag_switzerland": 3,
        "surgicalgloves_green": 2,
        "shirt_bluecheck": 2,
        "barrel_green": 5,
        "paramedicpants_crimson": 2,
        "motohelmet_blue": 4,
        "expansion_flag_srilanka": 3,
        "mag_cmag_30rnd": 5,
        "expansionuh1hdoor_1_1": 4,
        "expansionuh1hdoor_1_2": 4,
        "expansion_flag_usa": 3,
        "civsedandoors_backright": 4,
        "hatchbackdoors_driver_blue": 4,
        "saiga_bttstck": 4,
        "minidress_redchecker": 2,
        "nbchoodyellow": 6,
        "womansuit_lightgrey": 2,
        "catfoodcan_opened": 3,
        "mag_expansion_mp7_40rnd": 5,
        "wellies_black": 4,
        "constructionhelmet_red": 4,
        "cargopants_green": 4,
        "carp": 3,
        "platecarriervest_camo": 5,
        "sodacan_fronta": 3,
        "mag_m14_10rnd": 5,
        "firefighteraxe": 4,
        "sedan_02_trunk_red": 4,
        "expansion_mh6_door_1_1_black": 4,
        "athleticshoes_brown": 2,
        "ammobox_556x45tracer_20rnd": 4,
        "ammo_308win": 4,
        "armband_hunterz": 2,
        "nbcbootsgray": 6,
        "worm": 3,
        "flag_white": 3,
        "skatehelmet_blue": 4,
        "beaniehat_black": 3,
        "nbcglovesgray": 6,
        "dirtbikehelmet_visor": 4,
        "smershbag": 4,
        "civsedandoors_codriver_black": 4,
        "truck_01_door_2_1_blue": 4,
        "quiltedjacket_orange": 2,
        "baseballcap_pink": 3,
        "peachescan": 3,
        "barrelholes_red": 5,
        "cz61": 4,
        "improvisedexplosive": 5,
        "expansionexps3holooptic": 4,
        "platecarrierholster": 4,
        "mag_p1_8rnd": 3,
        "expansion_flag_spain": 3,
        "hockeymask": 3,
        "flashgrenade": 4,
        "expansion_flag_russia": 3,
        "mp5_railhndgrd": 3,
        "expansiontractorfrontwheel": 4,
        "sodacan_cola": 4,
        "chestholster": 4,
        "crossbow_summer": 4,
        "denimjacket": 2,
        "tracksuitjacket_green": 2,
        "canopener": 3,
        "expansion_flag_orange": 3,
        "sedan_02_door_2_2_red": 4,
        "tacticalgloves_beige": 4,
        "rice": 3,
        "expansionreflexmrsoptic": 4,
        "ammo_12gapellets": 3,
        "tracksuitjacket_red": 2,
        "hunterpants_winter": 4,
        "firefighterjacket_beige": 2,
        "flag_napa": 3,
        "motohelmet_black": 4,
        "bomberjacket_olive": 2,
        "firefighterspants_beige": 4,
        "ak_suppressor": 5,
        "zsh3pilothelmet_green": 5,
        "medicalscrubshat_blue": 2,
        "tshirt_red": 2,
        "hatchbacktrunk_blue": 4,
        "tortillabag": 4,
        "goatsteakmeat": 3,
        "mag_cz61_20rnd": 4,
        "huntingbag": 4,
        "auriculariamushroom": 3,
        "m16a2": 5,
        "mag_mp5_30rnd": 5,
        "expansionkeychain_grey": 3,
        "sardines": 3,
        "breeches_blackcheck": 2,
        "pipewrench": 3,
        "ghilliebushrag_mossy": 6,
        "dirtbikehelmet_chernarus": 4,
        "mag_m14_20rnd": 5,
        "tshirt_green": 2,
        "wellies_brown": 4,
        "expansionbread2": 3,
        "expansionbread3": 3,
        "woolcoat_beige": 2,
        "skirt_blue": 2,
        "hatchback_02_trunk_black": 4,
        "ak_plasticbttstck": 4,
        "slackspants_darkgrey": 2,
        "fangeknife": 2,
        "shortjeans_green": 2,
        "partytent_blue": 3,
        "ak74": 5,
        "truck_01_door_2_1_orange": 4,
        "womansuit_black": 2,
        "expansionkeychain_purple": 3,
        "bakedbeanscan_opened": 3,
        "ballerinas_white": 2,
        "athleticshoes_blue": 2,
        "bloodtestkit": 4,
        "camonet": 4,
        "expansion_flag_offwithhead": 3,
        "landminetrap": 5,
        "jeans_black": 2,
        "gorkaejacket_summer": 5,
        "beaniehat_brown": 3,
        "constructionhelmet_yellow": 4,
        "pressvest_blue": 4,
        "makarovij70": 4,
        "zucchini": 3,
        "expansionuazwheel": 4,
        "expansion_flag_denmark": 3,
        "bandagedressing": 3,
        "policepants": 3,
        "chemlight_yellow": 3,
        "ushanka_green": 5,
        "truckbattery": 4,
        "expansion_kar98_bayonet": 3,
        "darkmotohelmet_lime": 5,
        "hatchback_02_door_2_1_black": 4,
        "mosin_compensator": 4,
        "medicalscrubspants_white": 2,
        "tshirt_grey": 2,
        "civsedandoors_driver_wine": 4,
        "longhorn": 4,
        "ammobox_556x45_20rnd": 4,
        "bandana_polkapattern": 2,
        "tunacan_opened": 3,
        "gorkapants_flat": 4,
        "cargopants_blue": 4,
        "greathelm": 5,
        "airbornemask": 5,
        "kazuaroptic": 4,
        "pen_green": 2,
        "ukassvest_camo": 4,
        "jumpsuitjacket_blue": 2,
        "drybag_red": 3,
        "b95": 4,
        "expansionmich2001desert": 5,
        "medicalscrubspants_blue": 2,
        "m18smokegrenade_red": 4,
        "hikingbootslow_black": 3,
        "hoodie_black": 2,
        "mag_famas_25rnd": 5,
        "raincoat_red": 4,
        "potato": 3,
        "weldingmask": 4,
        "saiga": 4,
        "hunterpants_spring": 4,
        "shortjeans_red": 2,
        "m68optic": 4,
        "expansionvodnikdoordriver": 4,
        "sheepsteakmeat": 3,
        "baseballcap_red": 2,
        "eyemask_red": 3,
        "expansioncamoboxkit": 3,
        "pipe": 3,
        "tracksuitjacket_blue": 2,
        "gorkapants_pautrev": 4,
        "civsedandoors_backleft_wine": 4,
        "truck_01_hood": 4,
        "mediumtent_green": 3,
        "expansion_ammo_8mm": 4,
        "omnogloves_brown": 5,
        "boxcerealcrunchin": 3,
        "expansionlaw": 6,
        "headlighth7_box": 3,
        "ammo_762x39tracer": 4,
        "hoodie_grey": 2,
        "armband_cannibals": 2,
        "brassknuckles_dull": 3,
        "minidress_pinkchecker": 2,
        "ballistichelmet_black": 5,
        "womansuit_brown": 2,
        "civsedanhood": 4,
        "boletusmushroom": 3,
        "ammobox_expansion_338_15rnd": 4,
        "sportglasses_green": 3,
        "jungleboots_brown": 4,
        "breeches_white": 2,
        "hikingjacket_green": 3,
        "ammo_45acp": 3,
        "mp5k": 4,
        "famas": 5,
        "jeans_brown": 2,
        "hatchback_02_door_2_2_black": 4,
        "orienteeringcompass": 3,
        "m14": 4,
        "expansionigniterplug": 4,
        "womansuit_beige": 2,
        "constructionhelmet_lime": 4,
        "zagorkychocolate": 3,
        "lugwrench": 3,
        "woolcoat_greycheck": 2,
        "civsedandoors_backright_black": 4,
        "ammobox_762x54tracer_20rnd": 4,
        "expansion_flag_mexico": 3,
        "bdujacket": 5,
        "radarcap_black": 2,
        "m18smokegrenade_yellow": 4,
        "ammobox_22_50rnd": 4,
        "drybag_yellow": 3,
        "armband_bear": 2,
        "mag_deagle_9rnd": 3,
        "m4_suppressor": 5,
        "fnx45": 4,
        "huntingjacket_winter": 5,
        "expansion_m16": 5,
        "mag_ump_25rnd": 4,
        "hatchback_02_hood": 4,
        "ghilliebushrag_woodland": 6,
        "flag_cdf": 3,
        "antipestsspray": 4,
        "crossbow_autumn": 4,
        "beaniehat_beige": 3,
        "expansion_flag_uk": 3,
        "expansion_flag_latvia": 3,
        "workingboots_brown": 3,
        "expansion_flag_un": 3,
        "ammobox_expansion_46x30_25rnd": 4,
        "zmijovkacap_red": 2,
        "rope": 3,
        "nylonknifesheath": 4,
        "dirtbikehelmet_green": 4,
        "hoodie_brown": 2,
        "offroad_02_trunk": 4,
        "armband_refuge": 2,
        "womansuit_white": 2,
        "ttskojacket_camo": 5,
        "expansion_landrover_driverdoor": 4,
        "expansion_g36": 5,
        "breeches_green": 2,
        "fryingpan": 4,
        "flag_zenit": 3,
        "flag_babydeer": 3,
        "booniehat_dpm": 4,
        "sneakers_black": 2,
        "izh18shotgun": 4,
        "shortjeans_blue": 2,
        "jumpsuitjacket_red": 2,
        "mag_cmag_20rnd": 5,
        "fal_foldingbttstck": 3,
        "mag_cz550_4rnd": 4,
        "eyemask_dead": 3,
        "quiltedjacket_violet": 2,
        "hikingjacket_red": 3,
        "jungleboots_olive": 4,
        "ammobox": 5,
        "bandana_blue": 2,
        "hammer": 3,
        "kashtanoptic": 4,
        "hippack_green": 3,
        "tacticalshirt_grey": 4,
        "tacticalshirt_black": 4,
        "pen_black": 2,
        "pp19": 4,
        "mag_cz527_5rnd": 3,
        "hatchback_02_door_2_2_blue": 4,
        "flag_zagorky": 3,
        "pilotkacap": 2,
        "medicalscrubsshirt_white": 2,
        "canvaspantsmidi_grey": 2,
        "pickaxe": 4,
        "expansiondeltapointoptic": 4,
        "hatchbacktrunk_white": 4,
        "farminghoe": 3,
        "beaniehat_grey": 3,
        "bomberjacket_maroon": 2,
        "m79": 6,
        "minidress_brownchecker": 2,
        "darkmotohelmet_grey": 5,
        "chemlight_green": 3,
        "jumpsuitjacket_green": 2,
        "expansion_flag_nuevorico": 3,
        "usmcpants_woodland": 4,
        "gorkahelmet": 5,
        "gorkaejacket_autumn": 5,
        "ammobox_12garubberslug_10rnd": 4,
        "expansion_mh6_door_2_1": 4,
        "expansion_mh6_door_2_2": 4,
        "wellies_grey": 4,
        "radarcap_brown": 2,
        "sewingkit": 4,
        "tankerhelmet": 5,
        "ttskoboots": 5,
        "workingboots_beige": 3,
        "binoculars": 4,
        "smallprotectorcase": 4,
        "breeches_browncheck": 2,
        "hatchback_02_wheel": 4,
        "psilocybemushroom": 3,
        "cowboyhat_green": 3,
        "jumpsuitpants_grey": 2,
        "pen_blue": 2,
        "jungleboots_beige": 4,
        "sedan_02_door_1_1_red": 4,
        "mag_1911_7rnd": 3,
        "minidress_bluewithdots": 2,
        "macrolepiotamushroom": 3,
        "remotedetonator": 5,
        "wrench": 3,
        "mediumtent": 3,
        "ghillieatt_tan": 5,
        "canvaspantsmidi_red": 2,
        "mag_svd_10rnd": 5,
        "breeches_red": 2,
        "derringer_black": 3,
        "smallgascanister": 3,
        "expansionlumber1_5": 3,
        "flag_snake": 3,
        "drybag_blue": 3,
        "platecarrierpouches": 4,
        "huntingjacket_spring": 5,
        "vitaminbottle": 4,
        "flatcap_browncheck": 2,
        "blouse_green": 2,
        "batterycharger": 4,
        "disinfectantspray": 4,
        "armband_orange": 2,
        "skirt_red": 2,
        "expansion_vityazsn": 4,
        "ammo_expansion_m203_sticky_smoke_teargas": 3,
        "dirtbikehelmet_blue": 4,
        "mp5_compensator": 4,
        "sedan_02_trunk": 4,
        "catfoodcan": 3,
        "skatehelmet_green": 4,
        "baseballcap_cmmg_black": 2,
        "taloonbag_blue": 3,
        "armband_snake": 2,
        "tshirt_redblackstripes": 2,
        "armband_tec": 2,
        "expansion_flag_grenade": 3,
        "civsedantrunk_black": 4,
        "expansion_landrover_codriverdoor": 4,
        "expansion_m1a_railatt": 4,
        "mag_vss_10rnd": 5,
        "headtorch_black": 4,
        "nbcjacketgray": 6,
        "ak74_hndgrd": 4,
        "zagorky": 3,
        "chips": 3,
        "metalplate": 3,
        "mag_ij70_8rnd": 3,
        "heatpack": 4,
        "tacticalgloves_green": 4,
        "fal": 5,
        "expansionvodnikwheel": 4,
        "bandana_pink": 2,
        "ak_bayonet": 3,
        "hikingbootslow_beige": 3,
        "flag_apa": 3,
        "pigsteakmeat": 3,
        "expansion_flag_china": 3,
        "hatchback_02_door_1_1": 4,
        "hatchback_02_door_1_2": 4,
        "hikingjacket_blue": 3
    }
}