{
    "m_Version": 5,
    "EnableMap": 1,
    "UseMapOnMapItem": 1,
    "ShowPlayerPosition": 1,
    "ShowMapStats": 1,
    "NeedPenItemForCreateMarker": 0,
    "NeedGPSItemForCreateMarker": 0,
    "CanCreateMarker": 1,
    "CanCreate3DMarker": 1,
    "CanOpenMapWithKeyBinding": 1,
    "ShowDistanceOnPersonalMarkers": 1,
    "EnableHUDGPS": 1,
    "NeedGPSItemForKeyBinding": 1,
    "NeedMapItemForKeyBinding": 0,
    "EnableServerMarkers": 1,
    "ShowNameOnServerMarkers": 1,
    "ShowDistanceOnServerMarkers": 1,
    "ServerMarkers": [],
    "EnableHUDCompass": 1,
    "NeedCompassItemForHUDCompass": 1,
    "NeedGPSItemForHUDCompass": 0,
    "CompassColor": -1,
    "CreateDeathMarker": 1,
    "PlayerLocationNotifier": 1,
    "CompassBadgesColor": -1946157056
}