{
    "m_Version": 7,
    "SpawnLocations": [],
    "StartingClothing": {
        "EnableCustomClothing": 1,
        "SetRandomHealth": 1,
        "Headgear": [],
        "Glasses": [],
        "Masks": [],
        "Tops": [
            "TShirt_Green",
            "TShirt_Blue",
            "TShirt_Black",
            "TShirt_Beige",
            "TShirt_Red",
            "TShirt_OrangeWhiteStripes",
            "TShirt_White",
            "TShirt_Red",
            "TShirt_Grey",
            "TShirt_RedBlackStripes"
        ],
        "Vests": [],
        "Gloves": [],
        "Pants": [
            "CanvasPants_Beige",
            "CanvasPants_Blue",
            "CanvasPants_Grey",
            "CanvasPants_Red",
            "CanvasPants_Violet",
            "CanvasPantsMidi_Beige",
            "CanvasPantsMidi_Blue",
            "CanvasPantsMidi_Grey",
            "CanvasPantsMidi_Red",
            "CanvasPantsMidi_Violet"
        ],
        "Belts": [],
        "Shoes": [
            "AthleticShoes_Blue",
            "AthleticShoes_Grey",
            "AthleticShoes_Brown",
            "AthleticShoes_Green",
            "AthleticShoes_Black"
        ],
        "Armbands": [],
        "Backpacks": [
            "TaloonBag_Blue",
            "TaloonBag_Green",
            "TaloonBag_Orange",
            "TaloonBag_Violet"
        ]
    },
    "EnableSpawnSelection": 0,
    "SpawnOnTerritory": 0,
    "StartingGear": {
        "EnableStartingGear": 1,
        "ApplyEnergySources": 1,
        "SetRandomHealth": 1,
        "UpperGear": [
            {
                "ClassName": "Rag",
                "Quantity": 4,
                "Attachments": []
            },
            {
                "ClassName": "Apple",
                "Quantity": -1,
                "Attachments": []
            }
        ],
        "PantsGear": [],
        "BackpackGear": [],
        "VestGear": [],
        "PrimaryWeapon": {},
        "SecondaryWeapon": {}
    },
    "UseLoadouts": 0,
    "MaleLoadouts": [
        {
            "Loadout": "PlayerSurvivorLoadout",
            "Chance": 1.0
        }
    ],
    "FemaleLoadouts": [
        {
            "Loadout": "PlayerSurvivorLoadout",
            "Chance": 1.0
        }
    ],
    "SpawnHealthValue": 100.0,
    "SpawnEnergyValue": 500.0,
    "SpawnWaterValue": 500.0,
    "EnableRespawnCooldowns": 1,
    "RespawnCooldown": 120,
    "TerritoryRespawnCooldown": 240,
    "PunishMultispawn": 1,
    "PunishCooldown": 120,
    "PunishTimeframe": 300,
    "CreateDeathMarker": 1,
    "BackgroundImagePath": "DayZExpansion/SpawnSelection/GUI/textures/wood_background.edds"
}