<?xml version="1.0" encoding="UTF-8"?>
<territory-type>
    <territory color="2197781948">
        <zone name="AnimalPig" smin="0" smax="0" dmin="1" dmax="1" x="6768.75" z="6386.25" r="100"/>
    </territory>
    <territory color="2550103484">
        <zone name="AnimalPig" smin="0" smax="0" dmin="1" dmax="1" x="4907.5" z="12825" r="50"/>
    </territory>
    <territory color="2583657916">
        <zone name="AnimalPig" smin="0" smax="0" dmin="1" dmax="1" x="7952.5" z="7557.5" r="75"/>
    </territory>
    <territory color="2164227516">
        <zone name="AnimalPig" smin="0" smax="0" dmin="1" dmax="1" x="12213.8" z="5480" r="75"/>
    </territory>
    <territory color="2264890812">
        <zone name="AnimalPig" smin="0" smax="0" dmin="1" dmax="1" x="7601.25" z="4646.25" r="100"/>
    </territory>
    <territory color="2315222460">
        <zone name="AnimalPig" smin="0" smax="0" dmin="1" dmax="1" x="4647.86" z="7390.71" r="120"/>
    </territory>
    <territory color="2516549052">
        <zone name="AnimalPig" smin="0" smax="0" dmin="1" dmax="1" x="1564.43" z="13500" r="50"/>
    </territory>
    <territory color="2432662972">
        <zone name="AnimalPig" smin="0" smax="0" dmin="1" dmax="1" x="2535" z="8272.5" r="120"/>
    </territory>
    <territory color="2466217404">
        <zone name="AnimalPig" smin="0" smax="0" dmin="1" dmax="1" x="1065" z="7162.5" r="120"/>
    </territory>
    <territory color="2348776892">
        <zone name="AnimalPig" smin="0" smax="0" dmin="1" dmax="1" x="4830.36" z="6390" r="120"/>
        <zone name="AnimalPig" smin="0" smax="0" dmin="1" dmax="1" x="907.5" z="11482.5" r="120"/>
        <zone name="AnimalPig" smin="0" smax="0" dmin="1" dmax="1" x="1252.5" z="11490" r="120"/>
        <zone name="AnimalPig" smin="0" smax="0" dmin="1" dmax="1" x="1245" z="11992.5" r="120"/>
        <zone name="AnimalPig" smin="0" smax="0" dmin="1" dmax="1" x="1275" z="12330" r="120"/>
        <zone name="AnimalPig" smin="0" smax="0" dmin="1" dmax="1" x="1035" z="13327.5" r="120"/>
        <zone name="AnimalPig" smin="0" smax="0" dmin="1" dmax="1" x="1282.5" z="14032.5" r="120"/>
        <zone name="AnimalPig" smin="0" smax="0" dmin="1" dmax="1" x="2940" z="14265" r="120"/>
        <zone name="AnimalPig" smin="0" smax="0" dmin="1" dmax="1" x="4312.5" z="13732.5" r="120"/>
        <zone name="AnimalPig" smin="0" smax="0" dmin="1" dmax="1" x="3622.5" z="13125" r="120"/>
        <zone name="AnimalPig" smin="0" smax="0" dmin="1" dmax="1" x="5385" z="13110" r="120"/>
        <zone name="AnimalPig" smin="0" smax="0" dmin="1" dmax="1" x="5685" z="13860" r="120"/>
        <zone name="AnimalPig" smin="0" smax="0" dmin="1" dmax="1" x="5467.5" z="14242.5" r="120"/>
        <zone name="AnimalPig" smin="0" smax="0" dmin="1" dmax="1" x="2662.5" z="6742.5" r="120"/>
        <zone name="AnimalPig" smin="0" smax="0" dmin="1" dmax="1" x="937.5" z="5550" r="120"/>
        <zone name="AnimalPig" smin="0" smax="0" dmin="1" dmax="1" x="1890" z="4792.5" r="120"/>
        <zone name="AnimalPig" smin="0" smax="0" dmin="1" dmax="1" x="1957.5" z="4350" r="120"/>
        <zone name="AnimalPig" smin="0" smax="0" dmin="1" dmax="1" x="3225" z="3907.5" r="120"/>
        <zone name="AnimalPig" smin="0" smax="0" dmin="1" dmax="1" x="2910" z="3712.5" r="120"/>
        <zone name="AnimalPig" smin="0" smax="0" dmin="1" dmax="1" x="3990" z="5122.5" r="120"/>
        <zone name="AnimalPig" smin="0" smax="0" dmin="1" dmax="1" x="4432.5" z="6052.5" r="120"/>
        <zone name="AnimalPig" smin="0" smax="0" dmin="1" dmax="1" x="4102.5" z="6592.5" r="120"/>
        <zone name="AnimalPig" smin="0" smax="0" dmin="1" dmax="1" x="5415" z="5512.5" r="120"/>
        <zone name="AnimalPig" smin="0" smax="0" dmin="1" dmax="1" x="5437.5" z="4695" r="120"/>
        <zone name="AnimalPig" smin="0" smax="0" dmin="1" dmax="1" x="6277.5" z="4710" r="120"/>
        <zone name="AnimalPig" smin="0" smax="0" dmin="1" dmax="1" x="7192.5" z="5400" r="120"/>
        <zone name="AnimalPig" smin="0" smax="0" dmin="1" dmax="1" x="7770" z="6022.5" r="120"/>
        <zone name="AnimalPig" smin="0" smax="0" dmin="1" dmax="1" x="4365" z="967.5" r="120"/>
        <zone name="AnimalPig" smin="0" smax="0" dmin="1" dmax="1" x="4020" z="1492.5" r="120"/>
        <zone name="AnimalPig" smin="0" smax="0" dmin="1" dmax="1" x="2707.5" z="1642.5" r="120"/>
        <zone name="AnimalPig" smin="0" smax="0" dmin="1" dmax="1" x="1695" z="2107.5" r="120"/>
        <zone name="AnimalPig" smin="0" smax="0" dmin="1" dmax="1" x="990" z="2385" r="120"/>
        <zone name="AnimalPig" smin="0" smax="0" dmin="1" dmax="1" x="682.5" z="1147.5" r="120"/>
        <zone name="AnimalPig" smin="0" smax="0" dmin="1" dmax="1" x="1267.5" z="472.5" r="120"/>
        <zone name="AnimalPig" smin="0" smax="0" dmin="1" dmax="1" x="2145" z="292.5" r="120"/>
        <zone name="AnimalPig" smin="0" smax="0" dmin="1" dmax="1" x="3315" z="202.5" r="120"/>
        <zone name="AnimalPig" smin="0" smax="0" dmin="1" dmax="1" x="4177.5" z="225" r="120"/>
        <zone name="AnimalPig" smin="0" smax="0" dmin="1" dmax="1" x="5010" z="270" r="120"/>
        <zone name="AnimalPig" smin="0" smax="0" dmin="1" dmax="1" x="5692.5" z="690" r="120"/>
        <zone name="AnimalPig" smin="0" smax="0" dmin="1" dmax="1" x="7627.5" z="975" r="120"/>
        <zone name="AnimalPig" smin="0" smax="0" dmin="1" dmax="1" x="6907.5" z="1230" r="120"/>
        <zone name="AnimalPig" smin="0" smax="0" dmin="1" dmax="1" x="7245" z="2370" r="120"/>
        <zone name="AnimalPig" smin="0" smax="0" dmin="1" dmax="1" x="5542.5" z="2812.5" r="120"/>
        <zone name="AnimalPig" smin="0" smax="0" dmin="1" dmax="1" x="4935" z="3322.5" r="120"/>
        <zone name="AnimalPig" smin="0" smax="0" dmin="1" dmax="1" x="3667.5" z="3135" r="120"/>
        <zone name="AnimalPig" smin="0" smax="0" dmin="1" dmax="1" x="7695" z="7875" r="120"/>
        <zone name="AnimalPig" smin="0" smax="0" dmin="1" dmax="1" x="7177.5" z="8152.5" r="120"/>
        <zone name="AnimalPig" smin="0" smax="0" dmin="1" dmax="1" x="7095" z="8430" r="120"/>
        <zone name="AnimalPig" smin="0" smax="0" dmin="1" dmax="1" x="7927.5" z="8317.5" r="120"/>
        <zone name="AnimalPig" smin="0" smax="0" dmin="1" dmax="1" x="10080" z="6570" r="120"/>
        <zone name="AnimalPig" smin="0" smax="0" dmin="1" dmax="1" x="10417.5" z="6307.5" r="120"/>
        <zone name="AnimalPig" smin="0" smax="0" dmin="1" dmax="1" x="10882.5" z="6037.5" r="120"/>
        <zone name="AnimalPig" smin="0" smax="0" dmin="1" dmax="1" x="9555" z="7072.5" r="120"/>
        <zone name="AnimalPig" smin="0" smax="0" dmin="1" dmax="1" x="10110" z="6952.5" r="120"/>
        <zone name="AnimalPig" smin="0" smax="0" dmin="1" dmax="1" x="9517.5" z="7417.5" r="120"/>
        <zone name="AnimalPig" smin="0" smax="0" dmin="1" dmax="1" x="10147.5" z="7440" r="120"/>
        <zone name="AnimalPig" smin="0" smax="0" dmin="1" dmax="1" x="12127.5" z="6180" r="120"/>
        <zone name="AnimalPig" smin="0" smax="0" dmin="1" dmax="1" x="12675" z="6157.5" r="120"/>
        <zone name="AnimalPig" smin="0" smax="0" dmin="1" dmax="1" x="13290" z="5775" r="120"/>
        <zone name="AnimalPig" smin="0" smax="0" dmin="1" dmax="1" x="13162.5" z="5017.5" r="120"/>
        <zone name="AnimalPig" smin="0" smax="0" dmin="1" dmax="1" x="11842.5" z="9690" r="120"/>
        <zone name="AnimalPig" smin="0" smax="0" dmin="1" dmax="1" x="12367.5" z="9840" r="120"/>
        <zone name="AnimalPig" smin="0" smax="0" dmin="1" dmax="1" x="12112.5" z="7567.5" r="120"/>
        <zone name="AnimalPig" smin="0" smax="0" dmin="1" dmax="1" x="11497.5" z="8040" r="120"/>
        <zone name="AnimalPig" smin="0" smax="0" dmin="1" dmax="1" x="11295" z="8760" r="120"/>
    </territory>
</territory-type>
