<?xml version="1.0" encoding="UTF-8"?>
<territory-type>
    <territory color="2505441024">
        <zone name="AnimalDeer" smin="0" smax="0" dmin="1" dmax="2" x="2028.75" z="5300" r="100"/>
    </territory>
    <territory color="2388000512">
        <zone name="AnimalDeer" smin="0" smax="0" dmin="1" dmax="2" x="2688.75" z="6885" r="100"/>
    </territory>
    <territory color="2639658752">
        <zone name="AnimalDeer" smin="0" smax="0" dmin="1" dmax="2" x="652.5" z="198.75" r="100"/>
    </territory>
    <territory color="2689990400">
        <zone name="AnimalDeer" smin="0" smax="0" dmin="1" dmax="2" x="2627.5" z="115" r="100"/>
    </territory>
    <territory color="3042311936">
        <zone name="AnimalDeer" smin="0" smax="0" dmin="1" dmax="2" x="1455" z="12465" r="100"/>
    </territory>
    <territory color="2874539776">
        <zone name="AnimalDeer" smin="0" smax="0" dmin="1" dmax="2" x="3885" z="202.5" r="100"/>
    </territory>
    <territory color="2270560000">
        <zone name="AnimalDeer" smin="0" smax="0" dmin="1" dmax="2" x="6176.25" z="4961.25" r="100"/>
    </territory>
    <territory color="2572549888">
        <zone name="AnimalDeer" smin="0" smax="0" dmin="1" dmax="2" x="5345" z="2657.5" r="100"/>
        <zone name="AnimalDeer" smin="0" smax="0" dmin="1" dmax="2" x="930" z="11385" r="100"/>
        <zone name="AnimalDeer" smin="0" smax="0" dmin="1" dmax="2" x="1027.5" z="11542.5" r="100"/>
        <zone name="AnimalDeer" smin="0" smax="0" dmin="1" dmax="2" x="1342.5" z="11430" r="100"/>
        <zone name="AnimalDeer" smin="0" smax="0" dmin="1" dmax="2" x="637.5" z="12607.5" r="100"/>
        <zone name="AnimalDeer" smin="0" smax="0" dmin="1" dmax="2" x="210" z="13372.5" r="100"/>
        <zone name="AnimalDeer" smin="0" smax="0" dmin="1" dmax="2" x="817.5" z="13740" r="100"/>
        <zone name="AnimalDeer" smin="0" smax="0" dmin="1" dmax="2" x="1590" z="14085" r="100"/>
        <zone name="AnimalDeer" smin="0" smax="0" dmin="1" dmax="2" x="2430" z="13777.5" r="100"/>
        <zone name="AnimalDeer" smin="0" smax="0" dmin="1" dmax="2" x="2287.5" z="13327.5" r="100"/>
        <zone name="AnimalDeer" smin="0" smax="0" dmin="1" dmax="2" x="2055" z="12930" r="100"/>
        <zone name="AnimalDeer" smin="0" smax="0" dmin="1" dmax="2" x="4807.5" z="13350" r="100"/>
        <zone name="AnimalDeer" smin="0" smax="0" dmin="1" dmax="2" x="4657.5" z="12817.5" r="100"/>
        <zone name="AnimalDeer" smin="0" smax="0" dmin="1" dmax="2" x="3637.5" z="12330" r="100"/>
        <zone name="AnimalDeer" smin="0" smax="0" dmin="1" dmax="2" x="3277.5" z="11700" r="100"/>
        <zone name="AnimalDeer" smin="0" smax="0" dmin="1" dmax="2" x="2865" z="10980" r="100"/>
        <zone name="AnimalDeer" smin="0" smax="0" dmin="1" dmax="2" x="2490" z="10245" r="100"/>
        <zone name="AnimalDeer" smin="0" smax="0" dmin="1" dmax="2" x="2100" z="9742.5" r="100"/>
        <zone name="AnimalDeer" smin="0" smax="0" dmin="1" dmax="2" x="397.5" z="9397.5" r="100"/>
        <zone name="AnimalDeer" smin="0" smax="0" dmin="1" dmax="2" x="4237.5" z="5490" r="100"/>
        <zone name="AnimalDeer" smin="0" smax="0" dmin="1" dmax="2" x="7185" z="5145" r="100"/>
        <zone name="AnimalDeer" smin="0" smax="0" dmin="1" dmax="2" x="7140" z="8002.5" r="100"/>
        <zone name="AnimalDeer" smin="0" smax="0" dmin="1" dmax="2" x="7875" z="8220" r="100"/>
        <zone name="AnimalDeer" smin="0" smax="0" dmin="1" dmax="2" x="8272.5" z="7800" r="100"/>
        <zone name="AnimalDeer" smin="0" smax="0" dmin="1" dmax="2" x="11595" z="7950" r="100"/>
        <zone name="AnimalDeer" smin="0" smax="0" dmin="1" dmax="2" x="11850" z="7605" r="100"/>
        <zone name="AnimalDeer" smin="0" smax="0" dmin="1" dmax="2" x="12420" z="9525" r="100"/>
        <zone name="AnimalDeer" smin="0" smax="0" dmin="1" dmax="2" x="11767.5" z="9862.5" r="100"/>
        <zone name="AnimalDeer" smin="0" smax="0" dmin="1" dmax="2" x="11385" z="9570" r="100"/>
        <zone name="AnimalDeer" smin="0" smax="0" dmin="1" dmax="2" x="10860" z="6690" r="100"/>
        <zone name="AnimalDeer" smin="0" smax="0" dmin="1" dmax="2" x="12562.5" z="6262.5" r="100"/>
        <zone name="AnimalDeer" smin="0" smax="0" dmin="1" dmax="2" x="12960" z="5962.5" r="100"/>
    </territory>
    <territory color="2371223296">
        <zone name="AnimalDeer" smin="0" smax="0" dmin="1" dmax="2" x="4027.5" z="6686.25" r="100"/>
    </territory>
    <territory color="2874539776">
        <zone name="AnimalDeer" smin="0" smax="0" dmin="1" dmax="2" x="5181.43" z="160.714" r="100"/>
    </territory>
    <territory color="2606104320">
        <zone name="AnimalDeer" smin="0" smax="0" dmin="1" dmax="2" x="703.5" z="2958" r="100"/>
    </territory>
    <territory color="2538995456">
        <zone name="AnimalDeer" smin="0" smax="0" dmin="1" dmax="2" x="2456.25" z="3742.5" r="100"/>
    </territory>
    <territory color="2958425856">
        <zone name="AnimalDeer" smin="0" smax="0" dmin="1" dmax="2" x="6970" z="2817.5" r="100"/>
    </territory>
    <territory color="2840985344">
        <zone name="AnimalDeer" smin="0" smax="0" dmin="1" dmax="2" x="10101" z="6593.25" r="75"/>
    </territory>
    <territory color="2220228352">
        <zone name="AnimalDeer" smin="0" smax="0" dmin="1" dmax="2" x="7020" z="5631" r="100"/>
    </territory>
    <territory color="2304114432">
        <zone name="AnimalDeer" smin="0" smax="0" dmin="1" dmax="2" x="4365" z="6003.75" r="100"/>
    </territory>
    <territory color="2186673920">
        <zone name="AnimalDeer" smin="0" smax="0" dmin="1" dmax="2" x="6071.25" z="6183.75" r="100"/>
    </territory>
    <territory color="2455109376">
        <zone name="AnimalDeer" smin="0" smax="0" dmin="1" dmax="2" x="192.857" z="6437.14" r="100"/>
    </territory>
    <territory color="2924871424">
        <zone name="AnimalDeer" smin="0" smax="0" dmin="1" dmax="2" x="3432.86" z="2719.29" r="100"/>
    </territory>
    <territory color="2723544832">
        <zone name="AnimalDeer" smin="0" smax="0" dmin="1" dmax="2" x="2455.71" z="1924.29" r="100"/>
    </territory>
    <territory color="3008757504">
        <zone name="AnimalDeer" smin="0" smax="0" dmin="1" dmax="2" x="1443.75" z="4285.71" r="100"/>
    </territory>
</territory-type>
