<?xml version="1.0" encoding="UTF-8"?>
<territory-type>
    <territory color="2499805116">
        <zone name="AnimalSheep" smin="0" smax="0" dmin="1" dmax="2" x="6832.5" z="4567.5" r="125"/>
    </territory>
    <territory color="2466250684">
        <zone name="AnimalSheep" smin="0" smax="0" dmin="1" dmax="2" x="6675" z="6630" r="125"/>
    </territory>
    <territory color="2315255740">
        <zone name="AnimalSheep" smin="0" smax="0" dmin="1" dmax="2" x="4432.5" z="7380" r="125"/>
    </territory>
    <territory color="2231369660">
        <zone name="AnimalSheep" smin="0" smax="0" dmin="1" dmax="2" x="2445" z="7042.5" r="125"/>
    </territory>
    <territory color="2550136764">
        <zone name="AnimalSheep" smin="0" smax="0" dmin="1" dmax="2" x="11407.5" z="5917.5" r="75"/>
    </territory>
    <territory color="2617245628">
        <zone name="AnimalSheep" smin="0" smax="0" dmin="1" dmax="2" x="652.5" z="5685" r="125"/>
    </territory>
    <territory color="2667577276">
        <zone name="AnimalSheep" smin="0" smax="0" dmin="1" dmax="2" x="6032.25" z="1749" r="50"/>
    </territory>
    <territory color="2382364604">
        <zone name="AnimalSheep" smin="0" smax="0" dmin="1" dmax="2" x="1212.5" z="14928.1" r="50"/>
    </territory>
    <territory color="2197815228">
        <zone name="AnimalSheep" smin="0" smax="0" dmin="1" dmax="2" x="3002.5" z="6772.5" r="125"/>
    </territory>
    <territory color="2583691196">
        <zone name="AnimalSheep" smin="0" smax="0" dmin="1" dmax="2" x="4275" z="4555" r="125"/>
    </territory>
    <territory color="2701131708">
        <zone name="AnimalSheep" smin="0" smax="0" dmin="1" dmax="2" x="4159.81" z="12741.9" r="50"/>
    </territory>
    <territory color="4278190080">
        <zone name="AnimalSheep" smin="0" smax="0" dmin="3" dmax="5" x="1036.88" z="11544.4" r="75"/>
        <zone name="AnimalSheep" smin="0" smax="0" dmin="3" dmax="5" x="1128.75" z="11488.1" r="75"/>
        <zone name="AnimalSheep" smin="0" smax="0" dmin="3" dmax="5" x="1376.25" z="11373.8" r="75"/>
    </territory>
    <territory color="2852126652">
        <zone name="AmbientSheep" smin="0" smax="0" dmin="0" dmax="0" x="491.33" z="12338.7" r="50"/>
        <zone name="AnimalSheep" smin="0" smax="0" dmin="1" dmax="2" x="4882.5" z="5302.5" r="125"/>
    </territory>
    <territory color="2264924092">
        <zone name="AnimalSheep" smin="0" smax="0" dmin="1" dmax="2" x="330" z="7747.5" r="125"/>
    </territory>
</territory-type>
