<?xml version="1.0" encoding="UTF-8"?>
<territory-type>
    <territory color="872412928">
        <zone name="AnimalSheep" smin="3" smax="6" dmin="3" dmax="6" x="3381.54" z="4476.9" r="80"/>
        <zone name="AnimalSheep" smin="3" smax="6" dmin="3" dmax="6" x="3425.47" z="4702.62" r="80"/>
        <zone name="AnimalSheep" smin="3" smax="6" dmin="3" dmax="6" x="3448.21" z="4575.96" r="100"/>
        <zone name="AnimalSheep" smin="3" smax="6" dmin="3" dmax="6" x="3423.21" z="4827.62" r="70"/>
        <zone name="AnimalSheep" smin="3" smax="6" dmin="3" dmax="6" x="3446.67" z="4974.17" r="60"/>
        <zone name="AnimalSheep" smin="3" smax="6" dmin="3" dmax="6" x="780" z="7260" r="150"/>
        <zone name="AnimalSheep" smin="3" smax="6" dmin="3" dmax="6" x="352.5" z="5617.5" r="150"/>
        <zone name="AnimalSheep" smin="3" smax="6" dmin="3" dmax="6" x="975" z="9510" r="150"/>
        <zone name="AnimalSheep" smin="3" smax="6" dmin="3" dmax="6" x="1852.5" z="10102.5" r="150"/>
        <zone name="AnimalSheep" smin="3" smax="6" dmin="3" dmax="6" x="2647.5" z="11257.5" r="150"/>
        <zone name="AnimalSheep" smin="3" smax="6" dmin="3" dmax="6" x="3232.5" z="11782.5" r="150"/>
        <zone name="AnimalSheep" smin="3" smax="6" dmin="3" dmax="6" x="3832.5" z="12292.5" r="150"/>
        <zone name="AnimalSheep" smin="3" smax="6" dmin="3" dmax="6" x="4567.5" z="12660" r="150"/>
        <zone name="AnimalSheep" smin="3" smax="6" dmin="3" dmax="6" x="5107.5" z="13125" r="150"/>
        <zone name="AnimalSheep" smin="3" smax="6" dmin="3" dmax="6" x="2602.5" z="13597.5" r="150"/>
        <zone name="AnimalSheep" smin="3" smax="6" dmin="3" dmax="6" x="2422.5" z="12952.5" r="150"/>
        <zone name="AnimalSheep" smin="3" smax="6" dmin="3" dmax="6" x="2152.5" z="12180" r="150"/>
        <zone name="AnimalSheep" smin="3" smax="6" dmin="3" dmax="6" x="1612.5" z="11730" r="150"/>
        <zone name="AnimalSheep" smin="3" smax="6" dmin="3" dmax="6" x="1207.5" z="12367.5" r="150"/>
        <zone name="AnimalSheep" smin="3" smax="6" dmin="3" dmax="6" x="570" z="13027.5" r="150"/>
        <zone name="AnimalSheep" smin="3" smax="6" dmin="3" dmax="6" x="637.5" z="13695" r="150"/>
        <zone name="AnimalSheep" smin="3" smax="6" dmin="3" dmax="6" x="802.5" z="14190" r="150"/>
        <zone name="AnimalSheep" smin="3" smax="6" dmin="3" dmax="6" x="1042.5" z="14632.5" r="150"/>
        <zone name="AnimalSheep" smin="3" smax="6" dmin="3" dmax="6" x="1807.5" z="14670" r="150"/>
        <zone name="AnimalSheep" smin="3" smax="6" dmin="3" dmax="6" x="2370" z="14655" r="150"/>
        <zone name="AnimalSheep" smin="3" smax="6" dmin="3" dmax="6" x="2917.5" z="14535" r="150"/>
        <zone name="AnimalSheep" smin="3" smax="6" dmin="3" dmax="6" x="3712.5" z="14025" r="150"/>
        <zone name="AnimalSheep" smin="3" smax="6" dmin="3" dmax="6" x="4387.5" z="13942.5" r="150"/>
        <zone name="AnimalSheep" smin="3" smax="6" dmin="3" dmax="6" x="4530" z="13560" r="150"/>
        <zone name="AnimalSheep" smin="3" smax="6" dmin="3" dmax="6" x="3720" z="13102.5" r="150"/>
        <zone name="AnimalSheep" smin="3" smax="6" dmin="3" dmax="6" x="5632.5" z="13237.5" r="150"/>
        <zone name="AnimalSheep" smin="3" smax="6" dmin="3" dmax="6" x="6307.5" z="6690" r="150"/>
        <zone name="AnimalSheep" smin="3" smax="6" dmin="3" dmax="6" x="6495" z="6105" r="150"/>
        <zone name="AnimalSheep" smin="3" smax="6" dmin="3" dmax="6" x="6960" z="5797.5" r="150"/>
        <zone name="AnimalSheep" smin="3" smax="6" dmin="3" dmax="6" x="7335" z="5272.5" r="150"/>
        <zone name="AnimalSheep" smin="3" smax="6" dmin="3" dmax="6" x="4050" z="6832.5" r="150"/>
        <zone name="AnimalSheep" smin="3" smax="6" dmin="3" dmax="6" x="4485" z="5872.5" r="150"/>
        <zone name="AnimalSheep" smin="3" smax="6" dmin="3" dmax="6" x="4125" z="5467.5" r="150"/>
        <zone name="AnimalSheep" smin="3" smax="6" dmin="3" dmax="6" x="4087.5" z="4687.5" r="150"/>
        <zone name="AnimalSheep" smin="3" smax="6" dmin="3" dmax="6" x="4387.5" z="3052.5" r="150"/>
        <zone name="AnimalSheep" smin="3" smax="6" dmin="3" dmax="6" x="2895" z="3450" r="150"/>
        <zone name="AnimalSheep" smin="3" smax="6" dmin="3" dmax="6" x="1747.5" z="4290" r="150"/>
        <zone name="AnimalSheep" smin="3" smax="6" dmin="3" dmax="6" x="2145" z="3465" r="150"/>
        <zone name="AnimalSheep" smin="3" smax="6" dmin="3" dmax="6" x="1575" z="1470" r="150"/>
        <zone name="AnimalSheep" smin="3" smax="6" dmin="3" dmax="6" x="2775" z="1762.5" r="150"/>
        <zone name="AnimalSheep" smin="3" smax="6" dmin="3" dmax="6" x="3915" z="1237.5" r="150"/>
        <zone name="AnimalSheep" smin="3" smax="6" dmin="3" dmax="6" x="4245" z="637.5" r="150"/>
        <zone name="AnimalSheep" smin="3" smax="6" dmin="3" dmax="6" x="8287.5" z="817.5" r="150"/>
        <zone name="AnimalSheep" smin="3" smax="6" dmin="3" dmax="6" x="7297.5" z="2467.5" r="150"/>
        <zone name="AnimalSheep" smin="3" smax="6" dmin="3" dmax="6" x="7777.5" z="3277.5" r="150"/>
        <zone name="AnimalSheep" smin="3" smax="6" dmin="3" dmax="6" x="6157.5" z="2527.5" r="150"/>
        <zone name="AnimalSheep" smin="3" smax="6" dmin="3" dmax="6" x="6382.5" z="4687.5" r="150"/>
        <zone name="AnimalSheep" smin="3" smax="6" dmin="3" dmax="6" x="11400" z="8700" r="150"/>
        <zone name="AnimalSheep" smin="3" smax="6" dmin="3" dmax="6" x="11475" z="7950" r="150"/>
        <zone name="AnimalSheep" smin="3" smax="6" dmin="3" dmax="6" x="11790" z="7582.5" r="150"/>
        <zone name="AnimalSheep" smin="3" smax="6" dmin="3" dmax="6" x="12180" z="7515" r="150"/>
        <zone name="AnimalSheep" smin="3" smax="6" dmin="3" dmax="6" x="12330" z="9817.5" r="150"/>
        <zone name="AnimalSheep" smin="3" smax="6" dmin="3" dmax="6" x="7155" z="8310" r="150"/>
        <zone name="AnimalSheep" smin="3" smax="6" dmin="3" dmax="6" x="7957.5" z="8220" r="150"/>
        <zone name="AnimalSheep" smin="3" smax="6" dmin="3" dmax="6" x="8197.5" z="7800" r="150"/>
        <zone name="AnimalSheep" smin="3" smax="6" dmin="3" dmax="6" x="10170" z="8340" r="150"/>
        <zone name="AnimalSheep" smin="3" smax="6" dmin="3" dmax="6" x="10042.5" z="6817.5" r="150"/>
        <zone name="AnimalSheep" smin="3" smax="6" dmin="3" dmax="6" x="9652.5" z="7095" r="150"/>
    </territory>
    <territory color="872412928">
        <zone name="AnimalSheep" smin="3" smax="6" dmin="3" dmax="6" x="4413.5" z="2713.5" r="100"/>
        <zone name="AnimalSheep" smin="3" smax="6" dmin="3" dmax="6" x="4191" z="2923.64" r="110"/>
        <zone name="AnimalSheep" smin="3" smax="6" dmin="3" dmax="6" x="4518.71" z="3026.93" r="80"/>
        <zone name="AnimalSheep" smin="3" smax="6" dmin="3" dmax="6" x="4253.93" z="3174.57" r="110"/>
        <zone name="AnimalSheep" smin="3" smax="6" dmin="3" dmax="6" x="4399.09" z="3305.45" r="80"/>
        <zone name="AnimalSheep" smin="3" smax="6" dmin="3" dmax="6" x="1260" z="11452.5" r="250"/>
        <zone name="AnimalSheep" smin="3" smax="6" dmin="3" dmax="6" x="915" z="11490" r="250"/>
        <zone name="AnimalSheep" smin="3" smax="6" dmin="3" dmax="6" x="4687.5" z="13440" r="250"/>
        <zone name="AnimalSheep" smin="3" smax="6" dmin="3" dmax="6" x="3817.5" z="14287.5" r="250"/>
        <zone name="AnimalSheep" smin="3" smax="6" dmin="3" dmax="6" x="2295" z="14340" r="250"/>
        <zone name="AnimalSheep" smin="3" smax="6" dmin="3" dmax="6" x="1177.5" z="14587.5" r="250"/>
        <zone name="AnimalSheep" smin="3" smax="6" dmin="3" dmax="6" x="127.5" z="13867.5" r="250"/>
        <zone name="AnimalSheep" smin="3" smax="6" dmin="3" dmax="6" x="1507.5" z="13177.5" r="250"/>
        <zone name="AnimalSheep" smin="3" smax="6" dmin="3" dmax="6" x="555" z="12847.5" r="250"/>
        <zone name="AnimalSheep" smin="3" smax="6" dmin="3" dmax="6" x="1035" z="10522.5" r="250"/>
        <zone name="AnimalSheep" smin="3" smax="6" dmin="3" dmax="6" x="532.5" z="10117.5" r="250"/>
        <zone name="AnimalSheep" smin="3" smax="6" dmin="3" dmax="6" x="4747.5" z="9292.5" r="250"/>
        <zone name="AnimalSheep" smin="3" smax="6" dmin="3" dmax="6" x="7702.5" z="8122.5" r="250"/>
        <zone name="AnimalSheep" smin="3" smax="6" dmin="3" dmax="6" x="8212.5" z="7912.5" r="250"/>
        <zone name="AnimalSheep" smin="3" smax="6" dmin="3" dmax="6" x="7485" z="5160" r="250"/>
        <zone name="AnimalSheep" smin="3" smax="6" dmin="3" dmax="6" x="7807.5" z="5865" r="250"/>
        <zone name="AnimalSheep" smin="3" smax="6" dmin="3" dmax="6" x="6457.5" z="6105" r="250"/>
        <zone name="AnimalSheep" smin="3" smax="6" dmin="3" dmax="6" x="4147.5" z="4425" r="250"/>
        <zone name="AnimalSheep" smin="3" smax="6" dmin="3" dmax="6" x="3225" z="4740" r="250"/>
        <zone name="AnimalSheep" smin="3" smax="6" dmin="3" dmax="6" x="1747.5" z="5415" r="250"/>
    </territory>
</territory-type>
