<?xml version="1.0" encoding="UTF-8"?>
<territory-type>
    <territory color="2684354815">
        <zone name="AnimalWildBoar" smin="0" smax="0" dmin="1" dmax="2" x="795" z="1815" r="100"/>
    </territory>
    <territory color="2533359871">
        <zone name="AnimalWildBoar" smin="0" smax="0" dmin="1" dmax="2" x="2625" z="585" r="100"/>
        <zone name="AnimalWildBoar" smin="0" smax="0" dmin="1" dmax="2" x="1020" z="11490" r="100"/>
        <zone name="AnimalWildBoar" smin="0" smax="0" dmin="1" dmax="2" x="1837.5" z="12007.5" r="100"/>
        <zone name="AnimalWildBoar" smin="0" smax="0" dmin="1" dmax="2" x="1530" z="11917.5" r="100"/>
        <zone name="AnimalWildBoar" smin="0" smax="0" dmin="1" dmax="2" x="720" z="12787.5" r="100"/>
        <zone name="AnimalWildBoar" smin="0" smax="0" dmin="1" dmax="2" x="660" z="13567.5" r="100"/>
        <zone name="AnimalWildBoar" smin="0" smax="0" dmin="1" dmax="2" x="960" z="14182.5" r="100"/>
        <zone name="AnimalWildBoar" smin="0" smax="0" dmin="1" dmax="2" x="2355" z="13627.5" r="100"/>
        <zone name="AnimalWildBoar" smin="0" smax="0" dmin="1" dmax="2" x="2115" z="14722.5" r="100"/>
        <zone name="AnimalWildBoar" smin="0" smax="0" dmin="1" dmax="2" x="5437.5" z="14062.5" r="100"/>
        <zone name="AnimalWildBoar" smin="0" smax="0" dmin="1" dmax="2" x="5437.5" z="13237.5" r="100"/>
        <zone name="AnimalWildBoar" smin="0" smax="0" dmin="1" dmax="2" x="4440" z="13230" r="100"/>
        <zone name="AnimalWildBoar" smin="0" smax="0" dmin="1" dmax="2" x="3600" z="13612.5" r="100"/>
        <zone name="AnimalWildBoar" smin="0" smax="0" dmin="1" dmax="2" x="3000" z="12742.5" r="100"/>
        <zone name="AnimalWildBoar" smin="0" smax="0" dmin="1" dmax="2" x="4447.5" z="9510" r="100"/>
        <zone name="AnimalWildBoar" smin="0" smax="0" dmin="1" dmax="2" x="5002.5" z="9322.5" r="100"/>
        <zone name="AnimalWildBoar" smin="0" smax="0" dmin="1" dmax="2" x="5325" z="9067.5" r="100"/>
        <zone name="AnimalWildBoar" smin="0" smax="0" dmin="1" dmax="2" x="7110" z="8430" r="100"/>
        <zone name="AnimalWildBoar" smin="0" smax="0" dmin="1" dmax="2" x="8340" z="7845" r="100"/>
        <zone name="AnimalWildBoar" smin="0" smax="0" dmin="1" dmax="2" x="11257.5" z="8895" r="100"/>
        <zone name="AnimalWildBoar" smin="0" smax="0" dmin="1" dmax="2" x="11340" z="8130" r="100"/>
        <zone name="AnimalWildBoar" smin="0" smax="0" dmin="1" dmax="2" x="11707.5" z="7695" r="100"/>
        <zone name="AnimalWildBoar" smin="0" smax="0" dmin="1" dmax="2" x="10125" z="8332.5" r="100"/>
        <zone name="AnimalWildBoar" smin="0" smax="0" dmin="1" dmax="2" x="10170" z="6577.5" r="100"/>
        <zone name="AnimalWildBoar" smin="0" smax="0" dmin="1" dmax="2" x="9457.5" z="7035" r="100"/>
        <zone name="AnimalWildBoar" smin="0" smax="0" dmin="1" dmax="2" x="12352.5" z="7717.5" r="100"/>
        <zone name="AnimalWildBoar" smin="0" smax="0" dmin="1" dmax="2" x="12405" z="9607.5" r="100"/>
        <zone name="AnimalWildBoar" smin="0" smax="0" dmin="1" dmax="2" x="12360" z="9937.5" r="100"/>
        <zone name="AnimalWildBoar" smin="0" smax="0" dmin="1" dmax="2" x="11632.5" z="9915" r="100"/>
        <zone name="AnimalWildBoar" smin="0" smax="0" dmin="1" dmax="2" x="11707.5" z="9577.5" r="100"/>
        <zone name="AnimalWildBoar" smin="0" smax="0" dmin="1" dmax="2" x="11857.5" z="8775" r="100"/>
        <zone name="AnimalWildBoar" smin="0" smax="0" dmin="1" dmax="2" x="7837.5" z="3187.5" r="100"/>
        <zone name="AnimalWildBoar" smin="0" smax="0" dmin="1" dmax="2" x="6997.5" z="2482.5" r="100"/>
        <zone name="AnimalWildBoar" smin="0" smax="0" dmin="1" dmax="2" x="6862.5" z="1260" r="100"/>
        <zone name="AnimalWildBoar" smin="0" smax="0" dmin="1" dmax="2" x="5850" z="855" r="100"/>
        <zone name="AnimalWildBoar" smin="0" smax="0" dmin="1" dmax="2" x="1095" z="540" r="100"/>
        <zone name="AnimalWildBoar" smin="0" smax="0" dmin="1" dmax="2" x="1485" z="1117.5" r="100"/>
        <zone name="AnimalWildBoar" smin="0" smax="0" dmin="1" dmax="2" x="1545" z="2152.5" r="100"/>
        <zone name="AnimalWildBoar" smin="0" smax="0" dmin="1" dmax="2" x="2512.5" z="1995" r="100"/>
        <zone name="AnimalWildBoar" smin="0" smax="0" dmin="1" dmax="2" x="2842.5" z="1455" r="100"/>
        <zone name="AnimalWildBoar" smin="0" smax="0" dmin="1" dmax="2" x="1890" z="4365" r="100"/>
        <zone name="AnimalWildBoar" smin="0" smax="0" dmin="1" dmax="2" x="3112.5" z="3802.5" r="100"/>
        <zone name="AnimalWildBoar" smin="0" smax="0" dmin="1" dmax="2" x="2482.5" z="6285" r="100"/>
    </territory>
    <territory color="2801795327">
        <zone name="AnimalWildBoar" smin="0" smax="0" dmin="1" dmax="2" x="8336.25" z="858.75" r="100"/>
    </territory>
    <territory color="2566914303">
        <zone name="AnimalWildBoar" smin="0" smax="0" dmin="1" dmax="2" x="5505" z="435" r="100"/>
    </territory>
    <territory color="2415919359">
        <zone name="AnimalWildBoar" smin="0" smax="0" dmin="1" dmax="2" x="2437.5" z="7417.5" r="100"/>
    </territory>
    <territory color="2717909247">
        <zone name="AnimalWildBoar" smin="0" smax="0" dmin="1" dmax="2" x="6510" z="2655" r="100"/>
    </territory>
    <territory color="2885681407">
        <zone name="AnimalWildBoar" smin="0" smax="0" dmin="1" dmax="2" x="4346.25" z="7222.5" r="100"/>
    </territory>
    <territory color="2449473791">
        <zone name="AnimalWildBoar" smin="0" smax="0" dmin="1" dmax="2" x="510" z="2707.5" r="100"/>
    </territory>
    <territory color="2835349759">
        <zone name="AnimalWildBoar" smin="0" smax="0" dmin="1" dmax="2" x="10368.8" z="7402.5" r="75"/>
    </territory>
    <territory color="2600468735">
        <zone name="AnimalWildBoar" smin="0" smax="0" dmin="1" dmax="2" x="3798.75" z="2328.75" r="100"/>
    </territory>
    <territory color="2214592767">
        <zone name="AnimalWildBoar" smin="0" smax="0" dmin="1" dmax="2" x="5235" z="2880" r="100"/>
    </territory>
    <territory color="2264924415">
        <zone name="AnimalWildBoar" smin="0" smax="0" dmin="1" dmax="2" x="4220.25" z="9094.5" r="50"/>
    </territory>
    <territory color="2298478847">
        <zone name="AnimalWildBoar" smin="0" smax="0" dmin="1" dmax="2" x="6112.5" z="6750" r="100"/>
    </territory>
    <territory color="2483028223">
        <zone name="AnimalWildBoar" smin="0" smax="0" dmin="1" dmax="2" x="300" z="480" r="100"/>
    </territory>
    <territory color="2365587711">
        <zone name="AnimalWildBoar" smin="0" smax="0" dmin="1" dmax="2" x="345" z="6450" r="100"/>
    </territory>
    <territory color="2952790271">
        <zone name="AnimalWildBoar" smin="0" smax="0" dmin="1" dmax="2" x="165" z="10905" r="100"/>
    </territory>
    <territory color="3070230783">
        <zone name="AnimalWildBoar" smin="0" smax="0" dmin="1" dmax="2" x="930" z="4740" r="100"/>
    </territory>
    <territory color="2634023167">
        <zone name="AnimalWildBoar" smin="0" smax="0" dmin="1" dmax="2" x="2197.5" z="3806.25" r="100"/>
    </territory>
    <territory color="2181038335">
        <zone name="AnimalWildBoar" smin="0" smax="0" dmin="1" dmax="2" x="2445" z="5610" r="100"/>
    </territory>
</territory-type>
