<?xml version="1.0" encoding="UTF-8"?>
<territory-type>
    <territory color="1493171968">
        <zone name="AnimalWolf" smin="0" smax="0" dmin="5" dmax="8" x="1524.38" z="14392.5" r="100"/>
    </territory>
    <territory color="1258290944">
        <zone name="AnimalWolf" smin="0" smax="0" dmin="5" dmax="8" x="8130" z="2780" r="100"/>
    </territory>
    <territory color="1577058048">
        <zone name="AnimalWolf" smin="0" smax="0" dmin="5" dmax="8" x="3980" z="4057.5" r="100"/>
    </territory>
    <territory color="2147483392">
        <zone name="AnimalWolf" smin="0" smax="0" dmin="5" dmax="8" x="5357.5" z="8410" r="50"/>
    </territory>
    <territory color="1224736512">
        <zone name="AnimalWolf" smin="0" smax="0" dmin="5" dmax="8" x="6866" z="1072" r="100"/>
    </territory>
    <territory color="2197815040">
        <zone name="AnimalWolf" smin="0" smax="0" dmin="5" dmax="8" x="4332.5" z="9611.25" r="50"/>
    </territory>
    <territory color="1375731456">
        <zone name="AnimalWolf" smin="0" smax="0" dmin="5" dmax="8" x="3978.75" z="95.2505" r="100"/>
    </territory>
    <territory color="1610612480">
        <zone name="AnimalWolf" smin="0" smax="0" dmin="5" dmax="8" x="1683.75" z="2891.25" r="100"/>
        <zone name="AnimalWolf" smin="0" smax="0" dmin="5" dmax="8" x="10413" z="8028" r="100"/>
        <zone name="AnimalWolf" smin="0" smax="0" dmin="5" dmax="8" x="12054" z="8385" r="100"/>
        <zone name="AnimalWolf" smin="0" smax="0" dmin="5" dmax="8" x="12606" z="8229" r="100"/>
        <zone name="AnimalWolf" smin="0" smax="0" dmin="5" dmax="8" x="9999" z="8145" r="100"/>
        <zone name="AnimalWolf" smin="0" smax="0" dmin="5" dmax="8" x="12180" z="7822.5" r="100"/>
        <zone name="AnimalWolf" smin="0" smax="0" dmin="5" dmax="8" x="11628.8" z="8332.5" r="100"/>
        <zone name="AnimalWolf" smin="0" smax="0" dmin="5" dmax="8" x="11411.3" z="8752.5" r="100"/>
        <zone name="AnimalWolf" smin="0" smax="0" dmin="5" dmax="8" x="11208.8" z="9318.75" r="100"/>
        <zone name="AnimalWolf" smin="0" smax="0" dmin="5" dmax="8" x="11606.3" z="9686.25" r="100"/>
        <zone name="AnimalWolf" smin="0" smax="0" dmin="5" dmax="8" x="12120" z="9795" r="100"/>
        <zone name="AnimalWolf" smin="0" smax="0" dmin="5" dmax="8" x="12018.8" z="9367.5" r="100"/>
        <zone name="AnimalWolf" smin="0" smax="0" dmin="5" dmax="8" x="9671.25" z="7402.5" r="100"/>
        <zone name="AnimalWolf" smin="0" smax="0" dmin="5" dmax="8" x="10256.3" z="6521.25" r="100"/>
        <zone name="AnimalWolf" smin="0" smax="0" dmin="5" dmax="8" x="11205" z="5910" r="100"/>
        <zone name="AnimalWolf" smin="0" smax="0" dmin="5" dmax="8" x="12168.8" z="6000" r="100"/>
        <zone name="AnimalWolf" smin="0" smax="0" dmin="5" dmax="8" x="13230" z="5017.5" r="100"/>
        <zone name="AnimalWolf" smin="0" smax="0" dmin="5" dmax="8" x="12521.3" z="5238.75" r="100"/>
        <zone name="AnimalWolf" smin="0" smax="0" dmin="5" dmax="8" x="5126.25" z="4706.25" r="100"/>
        <zone name="AnimalWolf" smin="0" smax="0" dmin="5" dmax="8" x="6281.25" z="5002.5" r="100"/>
        <zone name="AnimalWolf" smin="0" smax="0" dmin="5" dmax="8" x="3768.75" z="3697.5" r="100"/>
        <zone name="AnimalWolf" smin="0" smax="0" dmin="5" dmax="8" x="3735" z="3101.25" r="100"/>
        <zone name="AnimalWolf" smin="0" smax="0" dmin="5" dmax="8" x="4593.75" z="3240" r="100"/>
        <zone name="AnimalWolf" smin="0" smax="0" dmin="5" dmax="8" x="5351.25" z="2797.5" r="100"/>
        <zone name="AnimalWolf" smin="0" smax="0" dmin="5" dmax="8" x="6093.75" z="2610" r="100"/>
        <zone name="AnimalWolf" smin="0" smax="0" dmin="5" dmax="8" x="6915" z="2550" r="100"/>
        <zone name="AnimalWolf" smin="0" smax="0" dmin="5" dmax="8" x="7563.75" z="3180" r="100"/>
        <zone name="AnimalWolf" smin="0" smax="0" dmin="5" dmax="8" x="6828.75" z="1256.25" r="100"/>
        <zone name="AnimalWolf" smin="0" smax="0" dmin="5" dmax="8" x="8073.75" z="750" r="100"/>
        <zone name="AnimalWolf" smin="0" smax="0" dmin="5" dmax="8" x="4642.5" z="585" r="100"/>
        <zone name="AnimalWolf" smin="0" smax="0" dmin="5" dmax="8" x="3322.5" z="915" r="100"/>
        <zone name="AnimalWolf" smin="0" smax="0" dmin="5" dmax="8" x="3191.25" z="1751.25" r="100"/>
    </territory>
    <territory color="1342177024">
        <zone name="AnimalWolf" smin="0" smax="0" dmin="5" dmax="8" x="1090" z="5765" r="100"/>
    </territory>
    <territory color="1795161856">
        <zone name="AnimalWolf" smin="0" smax="0" dmin="5" dmax="8" x="327.5" z="3880" r="100"/>
    </territory>
    <territory color="1459617536">
        <zone name="AnimalWolf" smin="0" smax="0" dmin="5" dmax="8" x="4035" z="13620" r="100"/>
        <zone name="AnimalWolf" smin="0" smax="0" dmin="5" dmax="8" x="1132.5" z="11482.5" r="100"/>
        <zone name="AnimalWolf" smin="0" smax="0" dmin="5" dmax="8" x="11887.5" z="6615" r="100"/>
        <zone name="AnimalWolf" smin="0" smax="0" dmin="5" dmax="8" x="9840" z="6915" r="100"/>
        <zone name="AnimalWolf" smin="0" smax="0" dmin="5" dmax="8" x="7777.5" z="7792.5" r="100"/>
        <zone name="AnimalWolf" smin="0" smax="0" dmin="5" dmax="8" x="7005" z="5722.5" r="100"/>
        <zone name="AnimalWolf" smin="0" smax="0" dmin="5" dmax="8" x="7417.5" z="6172.5" r="100"/>
        <zone name="AnimalWolf" smin="0" smax="0" dmin="5" dmax="8" x="6135" z="6810" r="100"/>
        <zone name="AnimalWolf" smin="0" smax="0" dmin="5" dmax="8" x="6067.5" z="6165" r="100"/>
        <zone name="AnimalWolf" smin="0" smax="0" dmin="5" dmax="8" x="6442.5" z="5917.5" r="100"/>
        <zone name="AnimalWolf" smin="0" smax="0" dmin="5" dmax="8" x="7755" z="900" r="100"/>
        <zone name="AnimalWolf" smin="0" smax="0" dmin="5" dmax="8" x="5737.5" z="675" r="100"/>
        <zone name="AnimalWolf" smin="0" smax="0" dmin="5" dmax="8" x="5827.5" z="922.5" r="100"/>
        <zone name="AnimalWolf" smin="0" smax="0" dmin="5" dmax="8" x="960" z="1260" r="100"/>
        <zone name="AnimalWolf" smin="0" smax="0" dmin="5" dmax="8" x="1050" z="1657.5" r="100"/>
        <zone name="AnimalWolf" smin="0" smax="0" dmin="5" dmax="8" x="1065" z="2145" r="100"/>
        <zone name="AnimalWolf" smin="0" smax="0" dmin="5" dmax="8" x="1117.5" z="2565" r="100"/>
        <zone name="AnimalWolf" smin="0" smax="0" dmin="5" dmax="8" x="1095" z="645" r="100"/>
        <zone name="AnimalWolf" smin="0" smax="0" dmin="5" dmax="8" x="990" z="180" r="100"/>
        <zone name="AnimalWolf" smin="0" smax="0" dmin="5" dmax="8" x="1972.5" z="330" r="100"/>
        <zone name="AnimalWolf" smin="0" smax="0" dmin="5" dmax="8" x="1267.5" z="5002.5" r="100"/>
        <zone name="AnimalWolf" smin="0" smax="0" dmin="5" dmax="8" x="1530" z="4680" r="100"/>
        <zone name="AnimalWolf" smin="0" smax="0" dmin="5" dmax="8" x="1777.5" z="4327.5" r="100"/>
        <zone name="AnimalWolf" smin="0" smax="0" dmin="5" dmax="8" x="2100" z="4170" r="100"/>
        <zone name="AnimalWolf" smin="0" smax="0" dmin="5" dmax="8" x="2152.5" z="4792.5" r="100"/>
        <zone name="AnimalWolf" smin="0" smax="0" dmin="5" dmax="8" x="480" z="7162.5" r="100"/>
        <zone name="AnimalWolf" smin="0" smax="0" dmin="5" dmax="8" x="2467.5" z="7702.5" r="100"/>
    </territory>
    <territory color="1073741568">
        <zone name="AnimalWolf" smin="0" smax="0" dmin="5" dmax="8" x="2733" z="1866" r="100"/>
    </territory>
    <territory color="1644166912">
        <zone name="AnimalWolf" smin="0" smax="0" dmin="5" dmax="8" x="3123" z="4095" r="100"/>
    </territory>
    <territory color="1728052992">
        <zone name="AnimalWolf" smin="0" smax="0" dmin="5" dmax="8" x="530.001" z="10650" r="100"/>
    </territory>
    <territory color="1140850432">
        <zone name="AnimalWolf" smin="0" smax="0" dmin="5" dmax="8" x="205" z="1425" r="100"/>
    </territory>
    <territory color="1308622592">
        <zone name="AnimalWolf" smin="0" smax="0" dmin="5" dmax="8" x="3898.13" z="2230.63" r="100"/>
    </territory>
    <territory color="2030042880">
        <zone name="AnimalWolf" smin="0" smax="0" dmin="5" dmax="8" x="9605" z="7488.8" r="100"/>
    </territory>
    <territory color="1426063104">
        <zone name="AmbientWolf" smin="0" smax="0" dmin="5" dmax="8" x="595" z="7797.5" r="100"/>
    </territory>
    <territory color="1912602368">
        <zone name="AnimalWolf" smin="0" smax="0" dmin="5" dmax="8" x="5422.5" z="442.5" r="100"/>
    </territory>
    <territory color="2113928960">
        <zone name="AnimalWolf" smin="0" smax="0" dmin="5" dmax="8" x="4789.82" z="8545.18" r="50"/>
    </territory>
    <territory color="1996488448">
        <zone name="AnimalWolf" smin="0" smax="0" dmin="5" dmax="8" x="3060" z="2542" r="100"/>
    </territory>
    <territory color="2080374528">
        <zone name="AnimalWolf" smin="0" smax="0" dmin="5" dmax="8" x="12305" z="6163.8" r="100"/>
    </territory>
    <territory color="1694498560">
        <zone name="AnimalWolf" smin="0" smax="0" dmin="5" dmax="8" x="1410" z="1235" r="100"/>
    </territory>
    <territory color="1761607424">
        <zone name="AnimalWolf" smin="0" smax="0" dmin="5" dmax="8" x="6219" z="2184" r="100"/>
    </territory>
    <territory color="1191182080">
        <zone name="AnimalWolf" smin="0" smax="0" dmin="5" dmax="8" x="2493.75" z="1072.5" r="100"/>
    </territory>
    <territory color="1929379584">
        <zone name="AnimalWolf" smin="0" smax="0" dmin="5" dmax="8" x="11043.8" z="6108.8" r="100"/>
    </territory>
</territory-type>
