<!-- BBPItemPack -->
<types>
	<type name="BBP_Tape_Measure">
        <nominal>10</nominal>
        <lifetime>7200</lifetime>
        <restock>0</restock>
        <min>5</min>
        <quantmin>-1</quantmin>
        <quantmax>-1</quantmax>
        <cost>100</cost>
        <flags count_in_cargo="0" count_in_hoarder="0" count_in_map="1" count_in_player="0" crafted="0" deloot="0"/>
        <category name="tools"/>
		<tag name="floor"/>
        <usage name="Industrial"/>
    </type>
	<type name="BBP_Xmas_Tree">
        <nominal>10</nominal>
        <lifetime>3888000</lifetime>
        <restock>0</restock>
        <min>5</min>
        <quantmin>-1</quantmin>
        <quantmax>-1</quantmax>
        <cost>100</cost>
        <flags count_in_cargo="0" count_in_hoarder="0" count_in_map="1" count_in_player="0" crafted="0" deloot="0"/>
        <category name="tools"/>
		<tag name="floor"/>
		<usage name="Farm"/>
        <usage name="Industrial"/>
		<usage name="Town"/>
        <usage name="Village"/>
		<usage name="Office"/>
        <usage name="School"/>
		<usage name="Military"/>
        <usage name="Police"/>
		<usage name="Medic"/>
    </type>
	<type name="BBP_Sun_Shade">
        <lifetime>3888000</lifetime>
        <flags count_in_cargo="1" count_in_hoarder="0" count_in_map="1" count_in_player="0" crafted="1" deloot="0"/>
    </type>
	<type name="BBP_Painting_1">
        <nominal>10</nominal>
        <lifetime>7200</lifetime>
        <restock>0</restock>
        <min>5</min>
        <quantmin>-1</quantmin>
        <quantmax>-1</quantmax>
        <cost>100</cost>
        <flags count_in_cargo="0" count_in_hoarder="0" count_in_map="1" count_in_player="0" crafted="0" deloot="0"/>
        <category name="tools"/>
		<tag name="floor"/>
		<usage name="Farm"/>
        <usage name="Industrial"/>
		<usage name="Town"/>
        <usage name="Village"/>
		<usage name="Office"/>
        <usage name="School"/>
		<usage name="Military"/>
        <usage name="Police"/>
		<usage name="Medic"/>
    </type>
	<type name="BBP_Painting_2">
        <nominal>10</nominal>
        <lifetime>7200</lifetime>
        <restock>0</restock>
        <min>5</min>
        <quantmin>-1</quantmin>
        <quantmax>-1</quantmax>
        <cost>100</cost>
        <flags count_in_cargo="0" count_in_hoarder="0" count_in_map="1" count_in_player="0" crafted="0" deloot="0"/>
        <category name="tools"/>
		<tag name="floor"/>
		<usage name="Farm"/>
        <usage name="Industrial"/>
		<usage name="Town"/>
        <usage name="Village"/>
		<usage name="Office"/>
        <usage name="School"/>
		<usage name="Military"/>
        <usage name="Police"/>
		<usage name="Medic"/>
    </type>
	<type name="BBP_Wood_Storage">
        <lifetime>3888000</lifetime>
        <flags count_in_cargo="1" count_in_hoarder="0" count_in_map="1" count_in_player="0" crafted="1" deloot="0"/>
    </type>
	<type name="BBP_Letter_Large_A">
        <nominal>8</nominal>
        <lifetime>7200</lifetime>
        <restock>0</restock>
        <min>2</min>
        <quantmin>-1</quantmin>
        <quantmax>-1</quantmax>
        <cost>100</cost>
        <flags count_in_cargo="0" count_in_hoarder="0" count_in_map="1" count_in_player="0" crafted="0" deloot="0"/>
        <category name="tools"/>
        <tag name="shelves"/>
        <usage name="Industrial"/>
        <usage name="Farm"/>
    </type>
	<type name="BBP_Letter_Large_B">
        <nominal>8</nominal>
        <lifetime>7200</lifetime>
        <restock>0</restock>
        <min>2</min>
        <quantmin>-1</quantmin>
        <quantmax>-1</quantmax>
        <cost>100</cost>
        <flags count_in_cargo="0" count_in_hoarder="0" count_in_map="1" count_in_player="0" crafted="0" deloot="0"/>
        <category name="tools"/>
        <tag name="shelves"/>
        <usage name="Industrial"/>
        <usage name="Farm"/>
    </type>
	<type name="BBP_Letter_Large_C">
        <nominal>8</nominal>
        <lifetime>7200</lifetime>
        <restock>0</restock>
        <min>2</min>
        <quantmin>-1</quantmin>
        <quantmax>-1</quantmax>
        <cost>100</cost>
        <flags count_in_cargo="0" count_in_hoarder="0" count_in_map="1" count_in_player="0" crafted="0" deloot="0"/>
        <category name="tools"/>
        <tag name="shelves"/>
        <usage name="Industrial"/>
        <usage name="Farm"/>
    </type>
	<type name="BBP_Letter_Large_D">
        <nominal>8</nominal>
        <lifetime>7200</lifetime>
        <restock>0</restock>
        <min>2</min>
        <quantmin>-1</quantmin>
        <quantmax>-1</quantmax>
        <cost>100</cost>
        <flags count_in_cargo="0" count_in_hoarder="0" count_in_map="1" count_in_player="0" crafted="0" deloot="0"/>
        <category name="tools"/>
        <tag name="shelves"/>
        <usage name="Industrial"/>
        <usage name="Farm"/>
    </type>
	<type name="BBP_Letter_Large_E">
        <nominal>8</nominal>
        <lifetime>7200</lifetime>
        <restock>0</restock>
        <min>2</min>
        <quantmin>-1</quantmin>
        <quantmax>-1</quantmax>
        <cost>100</cost>
        <flags count_in_cargo="0" count_in_hoarder="0" count_in_map="1" count_in_player="0" crafted="0" deloot="0"/>
        <category name="tools"/>
        <tag name="shelves"/>
        <usage name="Industrial"/>
        <usage name="Farm"/>
    </type>
	<type name="BBP_Letter_Large_F">
        <nominal>8</nominal>
        <lifetime>7200</lifetime>
        <restock>0</restock>
        <min>2</min>
        <quantmin>-1</quantmin>
        <quantmax>-1</quantmax>
        <cost>100</cost>
        <flags count_in_cargo="0" count_in_hoarder="0" count_in_map="1" count_in_player="0" crafted="0" deloot="0"/>
        <category name="tools"/>
        <tag name="shelves"/>
        <usage name="Industrial"/>
        <usage name="Farm"/>
    </type>
	<type name="BBP_Letter_Large_G">
        <nominal>8</nominal>
        <lifetime>7200</lifetime>
        <restock>0</restock>
        <min>2</min>
        <quantmin>-1</quantmin>
        <quantmax>-1</quantmax>
        <cost>100</cost>
        <flags count_in_cargo="0" count_in_hoarder="0" count_in_map="1" count_in_player="0" crafted="0" deloot="0"/>
        <category name="tools"/>
        <tag name="shelves"/>
        <usage name="Industrial"/>
        <usage name="Farm"/>
    </type>
	<type name="BBP_Letter_Large_H">
        <nominal>8</nominal>
        <lifetime>7200</lifetime>
        <restock>0</restock>
        <min>2</min>
        <quantmin>-1</quantmin>
        <quantmax>-1</quantmax>
        <cost>100</cost>
        <flags count_in_cargo="0" count_in_hoarder="0" count_in_map="1" count_in_player="0" crafted="0" deloot="0"/>
        <category name="tools"/>
        <tag name="shelves"/>
        <usage name="Industrial"/>
        <usage name="Farm"/>
    </type>
	<type name="BBP_Letter_Large_I">
        <nominal>8</nominal>
        <lifetime>7200</lifetime>
        <restock>0</restock>
        <min>2</min>
        <quantmin>-1</quantmin>
        <quantmax>-1</quantmax>
        <cost>100</cost>
        <flags count_in_cargo="0" count_in_hoarder="0" count_in_map="1" count_in_player="0" crafted="0" deloot="0"/>
        <category name="tools"/>
        <tag name="shelves"/>
        <usage name="Industrial"/>
        <usage name="Farm"/>
    </type>
	<type name="BBP_Letter_Large_J">
        <nominal>8</nominal>
        <lifetime>7200</lifetime>
        <restock>0</restock>
        <min>2</min>
        <quantmin>-1</quantmin>
        <quantmax>-1</quantmax>
        <cost>100</cost>
        <flags count_in_cargo="0" count_in_hoarder="0" count_in_map="1" count_in_player="0" crafted="0" deloot="0"/>
        <category name="tools"/>
        <tag name="shelves"/>
        <usage name="Industrial"/>
        <usage name="Farm"/>
    </type>
	<type name="BBP_Letter_Large_K">
        <nominal>8</nominal>
        <lifetime>7200</lifetime>
        <restock>0</restock>
        <min>2</min>
        <quantmin>-1</quantmin>
        <quantmax>-1</quantmax>
        <cost>100</cost>
        <flags count_in_cargo="0" count_in_hoarder="0" count_in_map="1" count_in_player="0" crafted="0" deloot="0"/>
        <category name="tools"/>
        <tag name="shelves"/>
        <usage name="Industrial"/>
        <usage name="Farm"/>
    </type>
	<type name="BBP_Letter_Large_L">
        <nominal>8</nominal>
        <lifetime>7200</lifetime>
        <restock>0</restock>
        <min>2</min>
        <quantmin>-1</quantmin>
        <quantmax>-1</quantmax>
        <cost>100</cost>
        <flags count_in_cargo="0" count_in_hoarder="0" count_in_map="1" count_in_player="0" crafted="0" deloot="0"/>
        <category name="tools"/>
        <tag name="shelves"/>
        <usage name="Industrial"/>
        <usage name="Farm"/>
    </type>
	<type name="BBP_Letter_Large_M">
        <nominal>8</nominal>
        <lifetime>7200</lifetime>
        <restock>0</restock>
        <min>2</min>
        <quantmin>-1</quantmin>
        <quantmax>-1</quantmax>
        <cost>100</cost>
        <flags count_in_cargo="0" count_in_hoarder="0" count_in_map="1" count_in_player="0" crafted="0" deloot="0"/>
        <category name="tools"/>
        <tag name="shelves"/>
        <usage name="Industrial"/>
        <usage name="Farm"/>
    </type>
	<type name="BBP_Letter_Large_N">
        <nominal>8</nominal>
        <lifetime>7200</lifetime>
        <restock>0</restock>
        <min>2</min>
        <quantmin>-1</quantmin>
        <quantmax>-1</quantmax>
        <cost>100</cost>
        <flags count_in_cargo="0" count_in_hoarder="0" count_in_map="1" count_in_player="0" crafted="0" deloot="0"/>
        <category name="tools"/>
        <tag name="shelves"/>
        <usage name="Industrial"/>
        <usage name="Farm"/>
    </type>
	<type name="BBP_Letter_Large_O">
        <nominal>8</nominal>
        <lifetime>7200</lifetime>
        <restock>0</restock>
        <min>2</min>
        <quantmin>-1</quantmin>
        <quantmax>-1</quantmax>
        <cost>100</cost>
        <flags count_in_cargo="0" count_in_hoarder="0" count_in_map="1" count_in_player="0" crafted="0" deloot="0"/>
        <category name="tools"/>
        <tag name="shelves"/>
        <usage name="Industrial"/>
        <usage name="Farm"/>
    </type>
	<type name="BBP_Letter_Large_P">
        <nominal>8</nominal>
        <lifetime>7200</lifetime>
        <restock>0</restock>
        <min>2</min>
        <quantmin>-1</quantmin>
        <quantmax>-1</quantmax>
        <cost>100</cost>
        <flags count_in_cargo="0" count_in_hoarder="0" count_in_map="1" count_in_player="0" crafted="0" deloot="0"/>
        <category name="tools"/>
        <tag name="shelves"/>
        <usage name="Industrial"/>
        <usage name="Farm"/>
    </type>
	<type name="BBP_Letter_Large_Q">
        <nominal>8</nominal>
        <lifetime>7200</lifetime>
        <restock>0</restock>
        <min>2</min>
        <quantmin>-1</quantmin>
        <quantmax>-1</quantmax>
        <cost>100</cost>
        <flags count_in_cargo="0" count_in_hoarder="0" count_in_map="1" count_in_player="0" crafted="0" deloot="0"/>
        <category name="tools"/>
        <tag name="shelves"/>
        <usage name="Industrial"/>
        <usage name="Farm"/>
    </type>
	<type name="BBP_Letter_Large_R">
        <nominal>8</nominal>
        <lifetime>7200</lifetime>
        <restock>0</restock>
        <min>2</min>
        <quantmin>-1</quantmin>
        <quantmax>-1</quantmax>
        <cost>100</cost>
        <flags count_in_cargo="0" count_in_hoarder="0" count_in_map="1" count_in_player="0" crafted="0" deloot="0"/>
        <category name="tools"/>
        <tag name="shelves"/>
        <usage name="Industrial"/>
        <usage name="Farm"/>
    </type>
	<type name="BBP_Letter_Large_S">
        <nominal>8</nominal>
        <lifetime>7200</lifetime>
        <restock>0</restock>
        <min>2</min>
        <quantmin>-1</quantmin>
        <quantmax>-1</quantmax>
        <cost>100</cost>
        <flags count_in_cargo="0" count_in_hoarder="0" count_in_map="1" count_in_player="0" crafted="0" deloot="0"/>
        <category name="tools"/>
        <tag name="shelves"/>
        <usage name="Industrial"/>
        <usage name="Farm"/>
    </type>
	<type name="BBP_Letter_Large_T">
        <nominal>8</nominal>
        <lifetime>7200</lifetime>
        <restock>0</restock>
        <min>2</min>
        <quantmin>-1</quantmin>
        <quantmax>-1</quantmax>
        <cost>100</cost>
        <flags count_in_cargo="0" count_in_hoarder="0" count_in_map="1" count_in_player="0" crafted="0" deloot="0"/>
        <category name="tools"/>
        <tag name="shelves"/>
        <usage name="Industrial"/>
        <usage name="Farm"/>
    </type>
	<type name="BBP_Letter_Large_U">
        <nominal>8</nominal>
        <lifetime>7200</lifetime>
        <restock>0</restock>
        <min>2</min>
        <quantmin>-1</quantmin>
        <quantmax>-1</quantmax>
        <cost>100</cost>
        <flags count_in_cargo="0" count_in_hoarder="0" count_in_map="1" count_in_player="0" crafted="0" deloot="0"/>
        <category name="tools"/>
        <tag name="shelves"/>
        <usage name="Industrial"/>
        <usage name="Farm"/>
    </type>
	<type name="BBP_Letter_Large_V">
        <nominal>8</nominal>
        <lifetime>7200</lifetime>
        <restock>0</restock>
        <min>2</min>
        <quantmin>-1</quantmin>
        <quantmax>-1</quantmax>
        <cost>100</cost>
        <flags count_in_cargo="0" count_in_hoarder="0" count_in_map="1" count_in_player="0" crafted="0" deloot="0"/>
        <category name="tools"/>
        <tag name="shelves"/>
        <usage name="Industrial"/>
        <usage name="Farm"/>
    </type>
	<type name="BBP_Letter_Large_W">
        <nominal>8</nominal>
        <lifetime>7200</lifetime>
        <restock>0</restock>
        <min>2</min>
        <quantmin>-1</quantmin>
        <quantmax>-1</quantmax>
        <cost>100</cost>
        <flags count_in_cargo="0" count_in_hoarder="0" count_in_map="1" count_in_player="0" crafted="0" deloot="0"/>
        <category name="tools"/>
        <tag name="shelves"/>
        <usage name="Industrial"/>
        <usage name="Farm"/>
    </type>
	<type name="BBP_Letter_Large_X">
        <nominal>8</nominal>
        <lifetime>7200</lifetime>
        <restock>0</restock>
        <min>2</min>
        <quantmin>-1</quantmin>
        <quantmax>-1</quantmax>
        <cost>100</cost>
        <flags count_in_cargo="0" count_in_hoarder="0" count_in_map="1" count_in_player="0" crafted="0" deloot="0"/>
        <category name="tools"/>
        <tag name="shelves"/>
        <usage name="Industrial"/>
        <usage name="Farm"/>
    </type>
	<type name="BBP_Letter_Large_Y">
        <nominal>8</nominal>
        <lifetime>7200</lifetime>
        <restock>0</restock>
        <min>5</min>
        <quantmin>-1</quantmin>
        <quantmax>-1</quantmax>
        <cost>100</cost>
        <flags count_in_cargo="0" count_in_hoarder="0" count_in_map="1" count_in_player="0" crafted="0" deloot="0"/>
        <category name="tools"/>
        <tag name="shelves"/>
        <usage name="Industrial"/>
        <usage name="Farm"/>
    </type>
	<type name="BBP_Letter_Large_Z">
        <nominal>8</nominal>
        <lifetime>7200</lifetime>
        <restock>0</restock>
        <min>3</min>
        <quantmin>-1</quantmin>
        <quantmax>-1</quantmax>
        <cost>100</cost>
        <flags count_in_cargo="0" count_in_hoarder="0" count_in_map="1" count_in_player="0" crafted="0" deloot="0"/>
        <category name="tools"/>
        <tag name="shelves"/>
        <usage name="Industrial"/>
        <usage name="Farm"/>
    </type>
	<type name="BBP_Magnet_A">
        <lifetime>7200</lifetime>
        <flags count_in_cargo="1" count_in_hoarder="0" count_in_map="1" count_in_player="0" crafted="1" deloot="0"/>
    </type>
	<type name="BBP_Magnet_B">
        <lifetime>7200</lifetime>
        <flags count_in_cargo="1" count_in_hoarder="0" count_in_map="1" count_in_player="0" crafted="1" deloot="0"/>
    </type>
	<type name="BBP_Magnet_C">
        <lifetime>7200</lifetime>
        <flags count_in_cargo="1" count_in_hoarder="0" count_in_map="1" count_in_player="0" crafted="1" deloot="0"/>
    </type>
	<type name="BBP_Magnet_D">
        <lifetime>7200</lifetime>
        <flags count_in_cargo="1" count_in_hoarder="0" count_in_map="1" count_in_player="0" crafted="1" deloot="0"/>
    </type>
	<type name="BBP_Magnet_E">
        <lifetime>7200</lifetime>
        <flags count_in_cargo="1" count_in_hoarder="0" count_in_map="1" count_in_player="0" crafted="1" deloot="0"/>
    </type>
	<type name="BBP_Magnet_F">
        <lifetime>7200</lifetime>
        <flags count_in_cargo="1" count_in_hoarder="0" count_in_map="1" count_in_player="0" crafted="1" deloot="0"/>
    </type>
	<type name="BBP_Magnet_G">
        <lifetime>7200</lifetime>
        <flags count_in_cargo="1" count_in_hoarder="0" count_in_map="1" count_in_player="0" crafted="1" deloot="0"/>
    </type>
	<type name="BBP_Magnet_H">
        <lifetime>7200</lifetime>
        <flags count_in_cargo="1" count_in_hoarder="0" count_in_map="1" count_in_player="0" crafted="1" deloot="0"/>
    </type>
	<type name="BBP_Magnet_I">
        <lifetime>7200</lifetime>
        <flags count_in_cargo="1" count_in_hoarder="0" count_in_map="1" count_in_player="0" crafted="1" deloot="0"/>
    </type>
	<type name="BBP_Magnet_J">
        <lifetime>7200</lifetime>
        <flags count_in_cargo="1" count_in_hoarder="0" count_in_map="1" count_in_player="0" crafted="1" deloot="0"/>
    </type>
	<type name="BBP_Magnet_K">
        <lifetime>7200</lifetime>
        <flags count_in_cargo="1" count_in_hoarder="0" count_in_map="1" count_in_player="0" crafted="1" deloot="0"/>
    </type>
	<type name="BBP_Magnet_L">
        <lifetime>7200</lifetime>
        <flags count_in_cargo="1" count_in_hoarder="0" count_in_map="1" count_in_player="0" crafted="1" deloot="0"/>
    </type>
	<type name="BBP_Magnet_M">
        <lifetime>7200</lifetime>
        <flags count_in_cargo="1" count_in_hoarder="0" count_in_map="1" count_in_player="0" crafted="1" deloot="0"/>
    </type>
	<type name="BBP_Magnet_N">
        <lifetime>7200</lifetime>
        <flags count_in_cargo="1" count_in_hoarder="0" count_in_map="1" count_in_player="0" crafted="1" deloot="0"/>
    </type>
	<type name="BBP_Magnet_O">
        <lifetime>7200</lifetime>
        <flags count_in_cargo="1" count_in_hoarder="0" count_in_map="1" count_in_player="0" crafted="1" deloot="0"/>
    </type>
	<type name="BBP_Magnet_P">
        <lifetime>7200</lifetime>
        <flags count_in_cargo="1" count_in_hoarder="0" count_in_map="1" count_in_player="0" crafted="1" deloot="0"/>
    </type>
	<type name="BBP_Magnet_Q">
        <lifetime>7200</lifetime>
        <flags count_in_cargo="1" count_in_hoarder="0" count_in_map="1" count_in_player="0" crafted="1" deloot="0"/>
    </type>
	<type name="BBP_Magnet_R">
        <lifetime>7200</lifetime>
        <flags count_in_cargo="1" count_in_hoarder="0" count_in_map="1" count_in_player="0" crafted="1" deloot="0"/>
    </type>
	<type name="BBP_Magnet_S">
        <lifetime>7200</lifetime>
        <flags count_in_cargo="1" count_in_hoarder="0" count_in_map="1" count_in_player="0" crafted="1" deloot="0"/>
    </type>
	<type name="BBP_Magnet_T">
        <lifetime>7200</lifetime>
        <flags count_in_cargo="1" count_in_hoarder="0" count_in_map="1" count_in_player="0" crafted="1" deloot="0"/>
    </type>
	<type name="BBP_Magnet_U">
        <lifetime>7200</lifetime>
        <flags count_in_cargo="1" count_in_hoarder="0" count_in_map="1" count_in_player="0" crafted="1" deloot="0"/>
    </type>
	<type name="BBP_Magnet_V">
        <lifetime>7200</lifetime>
        <flags count_in_cargo="1" count_in_hoarder="0" count_in_map="1" count_in_player="0" crafted="1" deloot="0"/>
    </type>
	<type name="BBP_Magnet_W">
        <lifetime>7200</lifetime>
        <flags count_in_cargo="1" count_in_hoarder="0" count_in_map="1" count_in_player="0" crafted="1" deloot="0"/>
    </type>
	<type name="BBP_Magnet_X">
        <lifetime>7200</lifetime>
        <flags count_in_cargo="1" count_in_hoarder="0" count_in_map="1" count_in_player="0" crafted="1" deloot="0"/>
    </type>
	<type name="BBP_Magnet_Y">
        <lifetime>7200</lifetime>
        <flags count_in_cargo="1" count_in_hoarder="0" count_in_map="1" count_in_player="0" crafted="1" deloot="0"/>
    </type>
	<type name="BBP_Magnet_Z">
        <lifetime>7200</lifetime>
        <flags count_in_cargo="1" count_in_hoarder="0" count_in_map="1" count_in_player="0" crafted="1" deloot="0"/>
    </type>
	<type name="BBP_MagnetBox">
		<nominal>20</nominal>
        <lifetime>7200</lifetime>
        <restock>0</restock>
        <min>10</min>
        <quantmin>-1</quantmin>
        <quantmax>-1</quantmax>
        <cost>100</cost>
        <flags count_in_cargo="0" count_in_hoarder="0" count_in_map="1" count_in_player="0" crafted="0" deloot="0"/>
        <category name="tools"/>
        <tag name="shelves"/>
        <usage name="Town"/>
        <usage name="Village"/>
    </type>
	<type name="BBP_Old_Lamp">
        <nominal>20</nominal>
        <lifetime>3888000</lifetime>
        <restock>0</restock>
        <min>10</min>
        <quantmin>-1</quantmin>
        <quantmax>-1</quantmax>
        <cost>100</cost>
        <flags count_in_cargo="0" count_in_hoarder="0" count_in_map="1" count_in_player="0" crafted="0" deloot="0"/>
        <category name="tools"/>
        <tag name="shelves"/>
		<usage name="Farm"/>
        <usage name="Industrial"/>
		<usage name="Town"/>
        <usage name="Village"/>
		<usage name="Office"/>
        <usage name="School"/>
		<usage name="Military"/>
        <usage name="Police"/>
		<usage name="Medic"/>
    </type>
	<type name="BBP_Floor_Lamp">
        <nominal>20</nominal>
        <lifetime>3888000</lifetime>
        <restock>0</restock>
        <min>10</min>
        <quantmin>-1</quantmin>
        <quantmax>-1</quantmax>
        <cost>100</cost>
        <flags count_in_cargo="0" count_in_hoarder="0" count_in_map="1" count_in_player="0" crafted="0" deloot="0"/>
        <category name="tools"/>
		<tag name="floor"/>
        <usage name="Farm"/>
        <usage name="Industrial"/>
		<usage name="Town"/>
        <usage name="Village"/>
		<usage name="Office"/>
        <usage name="School"/>
		<usage name="Military"/>
        <usage name="Police"/>
		<usage name="Medic"/>
    </type>
	<type name="BBP_Land_Claim_FlagKit">
        <nominal>20</nominal>
        <lifetime>604800</lifetime>
        <restock>0</restock>
        <min>10</min>
        <quantmin>-1</quantmin>
        <quantmax>-1</quantmax>
        <cost>100</cost>
        <flags count_in_cargo="0" count_in_hoarder="0" count_in_map="1" count_in_player="0" crafted="0" deloot="0"/>
        <category name="tools"/>
		<tag name="floor"/>
        <usage name="Farm"/>
        <usage name="Industrial"/>
		<usage name="Town"/>
        <usage name="Village"/>
    </type>
	<type name="BBP_Land_Claim_Pole">
        <lifetime>3888000</lifetime>
        <flags count_in_cargo="1" count_in_hoarder="0" count_in_map="1" count_in_player="0" crafted="1" deloot="0"/>
    </type>
	<type name="BBP_Land_Claim_Flag">
        <lifetime>3888000</lifetime>
        <flags count_in_cargo="1" count_in_hoarder="0" count_in_map="1" count_in_player="0" crafted="1" deloot="0"/>
    </type>
	<type name="BBP_Admin_Land_Claim_Flag">
        <lifetime>3888000</lifetime>
        <flags count_in_cargo="1" count_in_hoarder="0" count_in_map="1" count_in_player="0" crafted="1" deloot="0"/>
    </type>
	<type name="BBP_Golf">
        <nominal>20</nominal>
        <lifetime>7200</lifetime>
        <restock>0</restock>
        <min>10</min>
        <quantmin>-1</quantmin>
        <quantmax>-1</quantmax>
        <cost>100</cost>
        <flags count_in_cargo="0" count_in_hoarder="0" count_in_map="1" count_in_player="0" crafted="0" deloot="0"/>
        <category name="tools"/>
        <tag name="floor"/>
        <usage name="Farm"/>
		<usage name="Town"/>
        <usage name="Village"/>
		<usage name="Office"/>
        <usage name="School"/>
    </type>
	<type name="BBP_Gang_Plug">
        <nominal>20</nominal>
        <lifetime>3888000</lifetime>
        <restock>0</restock>
        <min>10</min>
        <quantmin>-1</quantmin>
        <quantmax>-1</quantmax>
        <cost>100</cost>
        <flags count_in_cargo="0" count_in_hoarder="0" count_in_map="1" count_in_player="0" crafted="0" deloot="0"/>
        <category name="tools"/>
        <tag name="floor"/>
        <usage name="Farm"/>
        <usage name="Industrial"/>
		<usage name="Town"/>
        <usage name="Village"/>
		<usage name="Office"/>
        <usage name="School"/>
		<usage name="Military"/>
        <usage name="Police"/>
		<usage name="Medic"/>
    </type>
    <type name="BBP_SolarPlus_PanelKit">
        <nominal>20</nominal>
        <lifetime>7200</lifetime>
        <restock>0</restock>
        <min>10</min>
        <quantmin>-1</quantmin>
        <quantmax>-1</quantmax>
        <cost>100</cost>
        <flags count_in_cargo="0" count_in_hoarder="0" count_in_map="1" count_in_player="0" crafted="0" deloot="0"/>
        <category name="tools"/>
        <tag name="floor"/>
        <usage name="Farm"/>
        <usage name="Industrial"/>
		<usage name="Town"/>
        <usage name="Village"/>
		<usage name="Office"/>
        <usage name="School"/>
    </type>
	<type name="BBP_SolarPlus">
        <lifetime>3888000</lifetime>
        <flags count_in_cargo="1" count_in_hoarder="0" count_in_map="1" count_in_player="0" crafted="1" deloot="0"/>
    </type>
	<type name="BBP_BedKit">
        <nominal>20</nominal>
        <lifetime>7200</lifetime>
        <restock>0</restock>
        <min>10</min>
        <quantmin>-1</quantmin>
        <quantmax>-1</quantmax>
        <cost>100</cost>
        <flags count_in_cargo="0" count_in_hoarder="0" count_in_map="1" count_in_player="0" crafted="0" deloot="0"/>
        <category name="tools"/>
        <tag name="floor"/>
        <usage name="Farm"/>
        <usage name="Industrial"/>
		<usage name="Town"/>
        <usage name="Village"/>
    </type>
	<type name="BBP_Bed">
        <lifetime>3888000</lifetime>
        <flags count_in_cargo="1" count_in_hoarder="0" count_in_map="1" count_in_player="0" crafted="1" deloot="0"/>
    </type>
	<type name="BBP_Bedding">
        <nominal>20</nominal>
        <lifetime>604800</lifetime>
        <restock>0</restock>
        <min>10</min>
        <quantmin>-1</quantmin>
        <quantmax>-1</quantmax>
        <cost>100</cost>
        <flags count_in_cargo="0" count_in_hoarder="0" count_in_map="1" count_in_player="0" crafted="0" deloot="0"/>
        <category name="tools"/>
		<tag name="floor"/>
        <usage name="Farm"/>
		<usage name="Town"/>
        <usage name="Village"/>
    </type>
	<type name="BBP_Step_LadderKit">
        <nominal>20</nominal>
        <lifetime>604800</lifetime>
        <restock>0</restock>
        <min>10</min>
        <quantmin>-1</quantmin>
        <quantmax>-1</quantmax>
        <cost>100</cost>
        <flags count_in_cargo="0" count_in_hoarder="0" count_in_map="1" count_in_player="0" crafted="0" deloot="0"/>
        <category name="tools"/>
		<tag name="floor"/>
        <usage name="Farm"/>
        <usage name="Industrial"/>
		<usage name="Town"/>
        <usage name="Village"/>
    </type>
	<type name="BBP_Step_Ladder">
        <lifetime>3888000</lifetime>
        <flags count_in_cargo="1" count_in_hoarder="0" count_in_map="1" count_in_player="0" crafted="1" deloot="0"/>
    </type>
	<type name="BBP_Bucket">
        <nominal>20</nominal>
        <lifetime>604800</lifetime>
        <restock>0</restock>
        <min>10</min>
        <quantmin>-1</quantmin>
        <quantmax>-1</quantmax>
        <cost>100</cost>
        <flags count_in_cargo="0" count_in_hoarder="0" count_in_map="1" count_in_player="0" crafted="0" deloot="0"/>
        <category name="tools"/>
        <tag name="floor"/>
        <usage name="Farm"/>
        <usage name="Industrial"/>
		<usage name="Town"/>
        <usage name="Village"/>
		<usage name="Military"/>
    </type>
	<type name="BBP_WellKit">
        <lifetime>7200</lifetime>
        <flags count_in_cargo="0" count_in_hoarder="0" count_in_map="1" count_in_player="0" crafted="1" deloot="0"/>
    </type>
	<type name="BBP_Well">
        <lifetime>3888000</lifetime>
        <flags count_in_cargo="1" count_in_hoarder="0" count_in_map="1" count_in_player="0" crafted="1" deloot="0"/>
    </type>
	<type name="BBP_Wheelbarrow">
        <nominal>10</nominal>
        <lifetime>3888000</lifetime>
        <restock>0</restock>
        <min>5</min>
        <quantmin>-1</quantmin>
        <quantmax>-1</quantmax>
        <cost>100</cost>
        <flags count_in_cargo="0" count_in_hoarder="0" count_in_map="1" count_in_player="0" crafted="0" deloot="0"/>
        <category name="tools"/>
        <usage name="Industrial"/>
    </type>
	<type name="BBP_SofaKit">
		<nominal>20</nominal>
        <lifetime>7200</lifetime>
        <restock>0</restock>
        <min>10</min>
        <quantmin>-1</quantmin>
        <quantmax>-1</quantmax>
        <cost>100</cost>
        <flags count_in_cargo="0" count_in_hoarder="0" count_in_map="1" count_in_player="0" crafted="0" deloot="0"/>
        <category name="tools"/>
		<tag name="floor"/>
        <usage name="Farm"/>
        <usage name="Industrial"/>
		<usage name="Town"/>
        <usage name="Village"/>
    </type>
	<type name="BBP_Sofa">
        <lifetime>3888000</lifetime>
        <flags count_in_cargo="1" count_in_hoarder="0" count_in_map="1" count_in_player="0" crafted="1" deloot="0"/>
    </type>
	<type name="BBP_Toilet">
        <nominal>10</nominal>
        <lifetime>3888000</lifetime>
        <restock>0</restock>
        <min>5</min>
        <quantmin>-1</quantmin>
        <quantmax>-1</quantmax>
        <cost>100</cost>
        <flags count_in_cargo="0" count_in_hoarder="0" count_in_map="1" count_in_player="0" crafted="0" deloot="0"/>
        <category name="tools"/>
		<tag name="floor"/>
        <usage name="Farm"/>
        <usage name="Industrial"/>
		<usage name="Town"/>
        <usage name="Village"/>
    </type>
	<type name="BBP_Dance_FloorKit">
        <nominal>5</nominal>
        <lifetime>7200</lifetime>
        <restock>0</restock>
        <min>2</min>
        <quantmin>-1</quantmin>
        <quantmax>-1</quantmax>
        <cost>100</cost>
        <flags count_in_cargo="0" count_in_hoarder="0" count_in_map="1" count_in_player="0" crafted="0" deloot="0"/>
        <category name="tools"/>
		<tag name="floor"/>
		<usage name="Town"/>
        <usage name="Village"/>
    </type>
	<type name="BBP_Dance_Floor">
        <lifetime>3888000</lifetime>
        <flags count_in_cargo="1" count_in_hoarder="0" count_in_map="1" count_in_player="0" crafted="1" deloot="0"/>
    </type>
    <type name="BBP_XmasLights_9v">
        <nominal>10</nominal>
        <lifetime>86400</lifetime>
        <restock>0</restock>
        <min>5</min>
        <quantmin>-1</quantmin>
        <quantmax>-1</quantmax>
        <cost>100</cost>
        <flags count_in_cargo="0" count_in_hoarder="0" count_in_map="1" count_in_player="0" crafted="0" deloot="0"/>
        <category name="tools"/>
        <tag name="shelves"/>
        <usage name="Town"/>
        <usage name="Village"/>
    </type>
    <type name="BBP_XmasLights_Solar">
        <nominal>10</nominal>
        <lifetime>86400</lifetime>
        <restock>0</restock>
        <min>5</min>
        <quantmin>-1</quantmin>
        <quantmax>-1</quantmax>
        <cost>100</cost>
        <flags count_in_cargo="0" count_in_hoarder="0" count_in_map="1" count_in_player="0" crafted="0" deloot="0"/>
        <category name="tools"/>
        <tag name="shelves"/>
        <usage name="Town"/>
        <usage name="Village"/>
    </type>
    <type name="BBP_Painting_Landscape">
        <nominal>10</nominal>
        <lifetime>7200</lifetime>
        <restock>0</restock>
        <min>5</min>
        <quantmin>-1</quantmin>
        <quantmax>-1</quantmax>
        <cost>100</cost>
        <flags count_in_cargo="0" count_in_hoarder="0" count_in_map="1" count_in_player="0" crafted="0" deloot="0"/>
        <category name="tools"/>
		<tag name="floor"/>
		<usage name="Farm"/>
        <usage name="Industrial"/>
		<usage name="Town"/>
        <usage name="Village"/>
		<usage name="Office"/>
        <usage name="School"/>
		<usage name="Military"/>
        <usage name="Police"/>
		<usage name="Medic"/>
    </type>
    <type name="BBP_PhotoFrame_Portrait">
        <nominal>10</nominal>
        <lifetime>7200</lifetime>
        <restock>0</restock>
        <min>5</min>
        <quantmin>-1</quantmin>
        <quantmax>-1</quantmax>
        <cost>100</cost>
        <flags count_in_cargo="0" count_in_hoarder="0" count_in_map="1" count_in_player="0" crafted="0" deloot="0"/>
        <category name="tools"/>
        <tag name="floor"/>
        <usage name="Farm"/>
        <usage name="Industrial"/>
		<usage name="Town"/>
        <usage name="Village"/>
		<usage name="Office"/>
        <usage name="School"/>
		<usage name="Military"/>
        <usage name="Police"/>
		<usage name="Medic"/>
    </type>
    <type name="BBP_PhotoFrame_Landscape">
        <nominal>10</nominal>
        <lifetime>7200</lifetime>
        <restock>0</restock>
        <min>5</min>
        <quantmin>-1</quantmin>
        <quantmax>-1</quantmax>
        <cost>100</cost>
        <flags count_in_cargo="0" count_in_hoarder="0" count_in_map="1" count_in_player="0" crafted="0" deloot="0"/>
        <category name="tools"/>
        <tag name="floor"/>
        <usage name="Farm"/>
        <usage name="Industrial"/>
		<usage name="Town"/>
        <usage name="Village"/>
		<usage name="Office"/>
        <usage name="School"/>
		<usage name="Military"/>
        <usage name="Police"/>
		<usage name="Medic"/>
    </type>
    <type name="BBP_Carpet_Roll">
        <nominal>20</nominal>
        <lifetime>604800</lifetime>
        <restock>0</restock>
        <min>10</min>
        <quantmin>-1</quantmin>
        <quantmax>-1</quantmax>
        <cost>100</cost>
        <flags count_in_cargo="0" count_in_hoarder="0" count_in_map="1" count_in_player="0" crafted="0" deloot="0"/>
        <category name="tools"/>
		<tag name="floor"/>
        <usage name="Farm"/>
        <usage name="Industrial"/>
		<usage name="Town"/>
        <usage name="Village"/>
    </type>
    <type name="BBP_Carpet_Base">
        <lifetime>3888000</lifetime>
        <flags count_in_cargo="1" count_in_hoarder="0" count_in_map="1" count_in_player="0" crafted="1" deloot="0"/>
    </type>
    <type name="BBP_Carpet_01">
        <lifetime>3888000</lifetime>
        <flags count_in_cargo="1" count_in_hoarder="0" count_in_map="1" count_in_player="0" crafted="1" deloot="0"/>
    </type>
    <type name="BBP_Carpet_02">
        <lifetime>3888000</lifetime>
        <flags count_in_cargo="1" count_in_hoarder="0" count_in_map="1" count_in_player="0" crafted="1" deloot="0"/>
    </type>
    <type name="BBP_Carpet_03">
        <lifetime>3888000</lifetime>
        <flags count_in_cargo="1" count_in_hoarder="0" count_in_map="1" count_in_player="0" crafted="1" deloot="0"/>
    </type>
    <type name="BBP_Carpet_04">
        <lifetime>3888000</lifetime>
        <flags count_in_cargo="1" count_in_hoarder="0" count_in_map="1" count_in_player="0" crafted="1" deloot="0"/>
    </type>
    <type name="BBP_Carpet_05">
        <lifetime>3888000</lifetime>
        <flags count_in_cargo="1" count_in_hoarder="0" count_in_map="1" count_in_player="0" crafted="1" deloot="0"/>
    </type>
    <type name="BBP_Carpet_06">
        <lifetime>3888000</lifetime>
        <flags count_in_cargo="1" count_in_hoarder="0" count_in_map="1" count_in_player="0" crafted="1" deloot="0"/>
    </type>
    <type name="BBP_Carpet_07">
        <lifetime>3888000</lifetime>
        <flags count_in_cargo="1" count_in_hoarder="0" count_in_map="1" count_in_player="0" crafted="1" deloot="0"/>
    </type>
    <type name="BBP_Carpet_08">
        <lifetime>3888000</lifetime>
        <flags count_in_cargo="1" count_in_hoarder="0" count_in_map="1" count_in_player="0" crafted="1" deloot="0"/>
    </type>
    <type name="BBP_Carpet_09">
        <lifetime>3888000</lifetime>
        <flags count_in_cargo="1" count_in_hoarder="0" count_in_map="1" count_in_player="0" crafted="1" deloot="0"/>
    </type>
    <type name="BBP_Mesh_Floor_Kit">
        <lifetime>604800</lifetime>
        <flags count_in_cargo="0" count_in_hoarder="0" count_in_map="1" count_in_player="0" crafted="0" deloot="0"/>
    </type>
    <type name="BBP_Mesh_Floor">
        <lifetime>3888000</lifetime>
        <flags count_in_cargo="1" count_in_hoarder="0" count_in_map="1" count_in_player="0" crafted="1" deloot="0"/>
    </type>
    <type name="BBP_Blueprint_Expanded">
        <nominal>10</nominal>
        <lifetime>604800</lifetime>
        <restock>0</restock>
        <min>5</min>
        <quantmin>-1</quantmin>
        <quantmax>-1</quantmax>
        <cost>100</cost>
        <flags count_in_cargo="0" count_in_hoarder="0" count_in_map="1" count_in_player="0" crafted="0" deloot="0"/>
        <category name="tools"/>
		<tag name="floor"/>
        <usage name="Farm"/>
        <usage name="Industrial"/>
		<usage name="Town"/>
        <usage name="Village"/>
    </type>
</types>