<?xml version='1.0' encoding='utf-8'?>
<types>
    
    <type name="AJW_Car15_BD">
        <nominal>0</nominal>
        <lifetime>28800</lifetime>
        <restock>0</restock>
        <min>0</min>
        <quantmin>100</quantmin>
        <quantmax>100</quantmax>
        <cost>100</cost>
        <flags count_in_cargo="0" count_in_hoarder="0" count_in_map="1" count_in_player="0" crafted="0" deloot="0" />
        <category name="weapons" />
        <usage name="Military" />
        <value name="Tier4" />
    </type>
    <type name="AJW_AKS74U_Black">
        <nominal>0</nominal>
        <lifetime>28800</lifetime>
        <restock>0</restock>
        <min>0</min>
        <quantmin>100</quantmin>
        <quantmax>100</quantmax>
        <cost>100</cost>
        <flags count_in_cargo="0" count_in_hoarder="0" count_in_map="1" count_in_player="0" crafted="0" deloot="0" />
        <category name="weapons" />
        <usage name="Military" />
        <value name="Tier1" />
        <value name="Tier2" />
    </type>
    <type name="AJW_SVD">
        <nominal>0</nominal>
        <lifetime>28800</lifetime>
        <restock>0</restock>
        <min>0</min>
        <quantmin>100</quantmin>
        <quantmax>100</quantmax>
        <cost>100</cost>
        <flags count_in_cargo="0" count_in_hoarder="0" count_in_map="1" count_in_player="0" crafted="0" deloot="0" />
        <category name="weapons" />
        <usage name="Military" />
        <value name="Tier4" />
    </type>
    <type name="AJW_SVD_Rattle">
        <nominal>0</nominal>
        <lifetime>28800</lifetime>
        <restock>0</restock>
        <min>0</min>
        <quantmin>100</quantmin>
        <quantmax>100</quantmax>
        <cost>100</cost>
        <flags count_in_cargo="0" count_in_hoarder="0" count_in_map="1" count_in_player="0" crafted="0" deloot="0" />
        <category name="weapons" />
        <usage name="Military" />
        <value name="Tier4" />
    </type>
    <type name="AJW_DWX">
        <nominal>0</nominal>
        <lifetime>28800</lifetime>
        <restock>0</restock>
        <min>0</min>
        <quantmin>100</quantmin>
        <quantmax>100</quantmax>
        <cost>100</cost>
        <flags count_in_cargo="0" count_in_hoarder="0" count_in_map="1" count_in_player="0" crafted="0" deloot="0" />
        <category name="weapons" />
        <usage name="Military" />
        <usage name="Town" />
        <usage name="Village" />
        <value name="Tier1" />
        <value name="Tier2" />
    </type>
    <type name="AJW_CZP09_OD">
        <nominal>0</nominal>
        <lifetime>28800</lifetime>
        <restock>0</restock>
        <min>0</min>
        <quantmin>100</quantmin>
        <quantmax>100</quantmax>
        <cost>100</cost>
        <flags count_in_cargo="0" count_in_hoarder="0" count_in_map="1" count_in_player="0" crafted="0" deloot="0" />
        <category name="weapons" />
        <usage name="Military" />
        <value name="Tier3" />
    </type>
    <type name="AJW_AK74M_Black">
        <nominal>0</nominal>
        <lifetime>28800</lifetime>
        <restock>0</restock>
        <min>0</min>
        <quantmin>100</quantmin>
        <quantmax>100</quantmax>
        <cost>100</cost>
        <flags count_in_cargo="0" count_in_hoarder="0" count_in_map="1" count_in_player="0" crafted="0" deloot="0" />
        <category name="weapons" />
        <usage name="Military" />
        <value name="Tier2" />
        <value name="Tier3" />
    </type>
    <type name="AJW_AK101_Black">
        <nominal>0</nominal>
        <lifetime>28800</lifetime>
        <restock>3600</restock>
        <min>0</min>
        <quantmin>100</quantmin>
        <quantmax>100</quantmax>
        <cost>100</cost>
        <flags count_in_cargo="0" count_in_hoarder="0" count_in_map="1" count_in_player="0" crafted="0" deloot="0" />
        <category name="weapons" />
        <usage name="Military" />
        <usage name="Police" />
        <value name="Tier4" />
    </type>
    <type name="AJW_AK102_Black">
        <nominal>0</nominal>
        <lifetime>28800</lifetime>
        <restock>3600</restock>
        <min>0</min>
        <quantmin>100</quantmin>
        <quantmax>100</quantmax>
        <cost>100</cost>
        <flags count_in_cargo="0" count_in_hoarder="0" count_in_map="1" count_in_player="0" crafted="0" deloot="0" />
        <category name="weapons" />
        <usage name="Military" />
        <usage name="Police" />
        <value name="Tier3" />
        <value name="Tier4" />
    </type>
    <type name="AJW_AK103_Black">
        <nominal>0</nominal>
        <lifetime>28800</lifetime>
        <restock>3600</restock>
        <min>0</min>
        <quantmin>100</quantmin>
        <quantmax>100</quantmax>
        <cost>100</cost>
        <flags count_in_cargo="0" count_in_hoarder="0" count_in_map="1" count_in_player="0" crafted="0" deloot="0" />
        <category name="weapons" />
        <usage name="Military" />
        <value name="Tier2" />
        <value name="Tier3" />
    </type>
    <type name="AJW_AK104_Black">
        <nominal>0</nominal>
        <lifetime>28800</lifetime>
        <restock>3600</restock>
        <min>0</min>
        <quantmin>100</quantmin>
        <quantmax>100</quantmax>
        <cost>100</cost>
        <flags count_in_cargo="0" count_in_hoarder="0" count_in_map="1" count_in_player="0" crafted="0" deloot="0" />
        <category name="weapons" />
        <usage name="Military" />
        <value name="Tier3" />
    </type>
    <type name="AJW_AK105_Black">
        <nominal>0</nominal>
        <lifetime>28800</lifetime>
        <restock>3600</restock>
        <min>0</min>
        <quantmin>100</quantmin>
        <quantmax>100</quantmax>
        <cost>100</cost>
        <flags count_in_cargo="0" count_in_hoarder="0" count_in_map="1" count_in_player="0" crafted="0" deloot="0" />
        <category name="weapons" />
        <usage name="Military" />
        <value name="Tier4" />
    </type>
    <type name="AJW_Vityaz_Black">
        <nominal>0</nominal>
        <lifetime>2700</lifetime>
        <restock>360</restock>
        <min>0</min>
        <quantmin>100</quantmin>
        <quantmax>100</quantmax>
        <cost>100</cost>
        <flags count_in_cargo="0" count_in_hoarder="0" count_in_map="1" count_in_player="0" crafted="0" deloot="0" />
        <category name="weapons" />
        <usage name="Military" />
        <value name="Tier1" />
    </type>
    <type name="AJW_Deagle_Black">
        <nominal>0</nominal>
        <lifetime>2700</lifetime>
        <restock>360</restock>
        <min>0</min>
        <quantmin>-1</quantmin>
        <quantmax>-1</quantmax>
        <cost>100</cost>
        <flags count_in_cargo="0" count_in_hoarder="0" count_in_map="1" count_in_player="0" crafted="0" deloot="0" />
        <category name="weapons" />
        <usage name="Military" />
        <value name="Tier1" />
    </type>
    <type name="AJW_Deagle_FDE">
        <nominal>0</nominal>
        <lifetime>2700</lifetime>
        <restock>360</restock>
        <min>0</min>
        <quantmin>-1</quantmin>
        <quantmax>-1</quantmax>
        <cost>100</cost>
        <flags count_in_cargo="0" count_in_hoarder="0" count_in_map="1" count_in_player="0" crafted="0" deloot="0" />
        <category name="weapons" />
        <usage name="Military" />
        <value name="Tier1" />
    </type>
    <type name="AJW_Deagle_AOR2">
        <nominal>0</nominal>
        <lifetime>2700</lifetime>
        <restock>360</restock>
        <min>0</min>
        <quantmin>-1</quantmin>
        <quantmax>-1</quantmax>
        <cost>100</cost>
        <flags count_in_cargo="0" count_in_hoarder="0" count_in_map="1" count_in_player="0" crafted="0" deloot="0" />
        <category name="weapons" />
        <usage name="Military" />
        <usage name="Underground" />
        <value name="Tier4" />
    </type>
    <type name="AJW_Deagle_MARPAT">
        <nominal>0</nominal>
        <lifetime>2700</lifetime>
        <restock>360</restock>
        <min>0</min>
        <quantmin>-1</quantmin>
        <quantmax>-1</quantmax>
        <cost>100</cost>
        <flags count_in_cargo="0" count_in_hoarder="0" count_in_map="1" count_in_player="0" crafted="0" deloot="0" />
        <category name="weapons" />
        <usage name="Military" />
        <usage name="Underground" />
        <value name="Tier4" />
    </type>
    <type name="AJW_M4A1_FDE">
        <nominal>0</nominal>
        <lifetime>2700</lifetime>
        <restock>360</restock>
        <min>0</min>
        <quantmin>-1</quantmin>
        <quantmax>-1</quantmax>
        <cost>100</cost>
        <flags count_in_cargo="0" count_in_hoarder="0" count_in_map="1" count_in_player="0" crafted="0" deloot="0" />
        <category name="weapons" />
        <usage name="Military" />
        <value name="Tier4" />
    </type>
    <type name="AJW_M4A1_Rattle">
        <nominal>0</nominal>
        <lifetime>2700</lifetime>
        <restock>360</restock>
        <min>0</min>
        <quantmin>-1</quantmin>
        <quantmax>-1</quantmax>
        <cost>100</cost>
        <flags count_in_cargo="0" count_in_hoarder="0" count_in_map="1" count_in_player="0" crafted="0" deloot="0" />
        <category name="weapons" />
        <usage name="Military" />
        <value name="Tier4" />
    </type>
    <type name="AJW_M4A1_AOR2">
        <nominal>0</nominal>
        <lifetime>2700</lifetime>
        <restock>360</restock>
        <min>0</min>
        <quantmin>-1</quantmin>
        <quantmax>-1</quantmax>
        <cost>100</cost>
        <flags count_in_cargo="0" count_in_hoarder="0" count_in_map="1" count_in_player="0" crafted="0" deloot="0" />
        <category name="weapons" />
        <usage name="Military" />
        <value name="Tier4" />
    </type>
    <type name="AJW_M4A1">
        <nominal>0</nominal>
        <lifetime>2700</lifetime>
        <restock>360</restock>
        <min>0</min>
        <quantmin>-1</quantmin>
        <quantmax>-1</quantmax>
        <cost>100</cost>
        <flags count_in_cargo="0" count_in_hoarder="0" count_in_map="1" count_in_player="0" crafted="0" deloot="0" />
        <category name="weapons" />
        <usage name="Military" />
        <value name="Tier4" />
    </type>
    <type name="AJW_M4A1_10">
        <nominal>0</nominal>
        <lifetime>2700</lifetime>
        <restock>360</restock>
        <min>0</min>
        <quantmin>-1</quantmin>
        <quantmax>-1</quantmax>
        <cost>100</cost>
        <flags count_in_cargo="0" count_in_hoarder="0" count_in_map="1" count_in_player="0" crafted="0" deloot="0" />
        <category name="weapons" />
        <usage name="Military" />
        <value name="Tier4" />
    </type>
    <type name="AJW_M4A1_10_FDE">
        <nominal>0</nominal>
        <lifetime>2700</lifetime>
        <restock>360</restock>
        <min>0</min>
        <quantmin>-1</quantmin>
        <quantmax>-1</quantmax>
        <cost>100</cost>
        <flags count_in_cargo="0" count_in_hoarder="0" count_in_map="1" count_in_player="0" crafted="0" deloot="0" />
        <category name="weapons" />
        <usage name="Underground" />
        <value name="Tier4" />
    </type>
    <type name="AJW_M4A1_10_Rattle">
        <nominal>0</nominal>
        <lifetime>2700</lifetime>
        <restock>360</restock>
        <min>0</min>
        <quantmin>-1</quantmin>
        <quantmax>-1</quantmax>
        <cost>100</cost>
        <flags count_in_cargo="0" count_in_hoarder="0" count_in_map="1" count_in_player="0" crafted="0" deloot="0" />
        <category name="weapons" />
        <usage name="Underground" />
        <value name="Tier4" />
    </type>
    <type name="AJW_M4A1_10_AOR2">
        <nominal>0</nominal>
        <lifetime>2700</lifetime>
        <restock>360</restock>
        <min>0</min>
        <quantmin>-1</quantmin>
        <quantmax>-1</quantmax>
        <cost>100</cost>
        <flags count_in_cargo="0" count_in_hoarder="0" count_in_map="1" count_in_player="0" crafted="0" deloot="0" />
        <category name="weapons" />
        <usage name="Military" />
        <value name="Tier4" />
    </type>
    <type name="AJW__AWM_FDE">
        <nominal>0</nominal>
        <lifetime>2700</lifetime>
        <restock>360</restock>
        <min>0</min>
        <quantmin>-1</quantmin>
        <quantmax>-1</quantmax>
        <cost>100</cost>
        <flags count_in_cargo="0" count_in_hoarder="0" count_in_map="1" count_in_player="0" crafted="0" deloot="0" />
        <category name="weapons" />
        <usage name="Underground" />
        <value name="Tier4" />
    </type>
    <type name="AJW__AWM_AOR2">
        <nominal>0</nominal>
        <lifetime>2700</lifetime>
        <restock>360</restock>
        <min>0</min>
        <quantmin>-1</quantmin>
        <quantmax>-1</quantmax>
        <cost>100</cost>
        <flags count_in_cargo="0" count_in_hoarder="0" count_in_map="1" count_in_player="0" crafted="0" deloot="0" />
        <category name="weapons" />
        <usage name="Underground" />
        <value name="Tier4" />
    </type>
    <type name="AJW_PKM">
        <nominal>0</nominal>
        <lifetime>2700</lifetime>
        <restock>360</restock>
        <min>0</min>
        <quantmin>-1</quantmin>
        <quantmax>-1</quantmax>
        <cost>100</cost>
        <flags count_in_cargo="0" count_in_hoarder="0" count_in_map="1" count_in_player="0" crafted="0" deloot="0" />
        <category name="weapons" />
        <usage name="Underground" />
        <value name="Tier4" />
    </type>
    <type name="AJW_PKM_Worn">
        <nominal>0</nominal>
        <lifetime>2700</lifetime>
        <restock>360</restock>
        <min>0</min>
        <quantmin>-1</quantmin>
        <quantmax>-1</quantmax>
        <cost>100</cost>
        <flags count_in_cargo="0" count_in_hoarder="0" count_in_map="1" count_in_player="0" crafted="0" deloot="0" />
        <category name="weapons" />
        <usage name="Underground" />
        <value name="Tier4" />
    </type>
    <type name="AJW_PKM_WL_Painted">
        <nominal>0</nominal>
        <lifetime>2700</lifetime>
        <restock>360</restock>
        <min>0</min>
        <quantmin>-1</quantmin>
        <quantmax>-1</quantmax>
        <cost>100</cost>
        <flags count_in_cargo="0" count_in_hoarder="0" count_in_map="1" count_in_player="0" crafted="0" deloot="0" />
        <category name="weapons" />
        <usage name="Underground" />
        <value name="Tier4" />
    </type>
    <type name="AJW_MCX_Grey">
        <nominal>0</nominal>
        <lifetime>2700</lifetime>
        <restock>360</restock>
        <min>0</min>
        <quantmin>-1</quantmin>
        <quantmax>-1</quantmax>
        <cost>100</cost>
        <flags count_in_cargo="0" count_in_hoarder="0" count_in_map="1" count_in_player="0" crafted="0" deloot="0" />
        <category name="weapons" />
        <usage name="Military" />
        <value name="Tier4" />
    </type>
    <type name="AJW_MCX_FDE">
        <nominal>0</nominal>
        <lifetime>2700</lifetime>
        <restock>360</restock>
        <min>0</min>
        <quantmin>-1</quantmin>
        <quantmax>-1</quantmax>
        <cost>100</cost>
        <flags count_in_cargo="0" count_in_hoarder="0" count_in_map="1" count_in_player="0" crafted="0" deloot="0" />
        <category name="weapons" />
        <usage name="Military" />
        <value name="Tier4" />
    </type>
    <type name="AJW_MCX_Rattlecan">
        <nominal>0</nominal>
        <lifetime>2700</lifetime>
        <restock>360</restock>
        <min>0</min>
        <quantmin>-1</quantmin>
        <quantmax>-1</quantmax>
        <cost>100</cost>
        <flags count_in_cargo="0" count_in_hoarder="0" count_in_map="1" count_in_player="0" crafted="0" deloot="1" />
        <category name="weapons" />
        <usage name="Military" />
        <value name="Tier4" />
    </type>
    <type name="AJW_MCX_Black">
        <nominal>0</nominal>
        <lifetime>2700</lifetime>
        <restock>360</restock>
        <min>0</min>
        <quantmin>-1</quantmin>
        <quantmax>-1</quantmax>
        <cost>100</cost>
        <flags count_in_cargo="0" count_in_hoarder="0" count_in_map="1" count_in_player="0" crafted="0" deloot="0" />
        <category name="weapons" />
        <usage name="Military" />
        <value name="Tier4" />
    </type>
    <type name="AJW_ACR_Black">
        <nominal>0</nominal>
        <lifetime>2700</lifetime>
        <restock>360</restock>
        <min>0</min>
        <quantmin>-1</quantmin>
        <quantmax>-1</quantmax>
        <cost>100</cost>
        <flags count_in_cargo="0" count_in_hoarder="0" count_in_map="1" count_in_player="0" crafted="0" deloot="0" />
        <category name="weapons" />
        <usage name="Military" />
        <value name="Tier3" />
    </type>
    <type name="AJW_ACR_Tan">
        <nominal>0</nominal>
        <lifetime>2700</lifetime>
        <restock>360</restock>
        <min>0</min>
        <quantmin>-1</quantmin>
        <quantmax>-1</quantmax>
        <cost>100</cost>
        <flags count_in_cargo="0" count_in_hoarder="0" count_in_map="1" count_in_player="0" crafted="0" deloot="0" />
        <category name="weapons" />
        <usage name="Military" />
        <value name="Tier2" />
        <value name="Tier3" />
    </type>
    <type name="AJW_ACR_RG">
        <nominal>0</nominal>
        <lifetime>2700</lifetime>
        <restock>360</restock>
        <min>0</min>
        <quantmin>-1</quantmin>
        <quantmax>-1</quantmax>
        <cost>100</cost>
        <flags count_in_cargo="0" count_in_hoarder="0" count_in_map="1" count_in_player="0" crafted="0" deloot="0" />
        <category name="weapons" />
        <usage name="Military" />
        <value name="Tier2" />
        <value name="Tier3" />
    </type>
    <type name="AJW_M1897Trench">
        <nominal>0</nominal>
        <lifetime>2700</lifetime>
        <restock>360</restock>
        <min>0</min>
        <quantmin>70</quantmin>
        <quantmax>100</quantmax>
        <cost>100</cost>
        <flags count_in_cargo="0" count_in_hoarder="0" count_in_map="1" count_in_player="0" crafted="0" deloot="0" />
        <category name="weapons" />
        <usage name="Farm" />
        <usage name="Police" />
		<usage name="Industrial" />
        <usage name="Village" />
        <usage name="Town" />
        <value name="Tier1" />
    </type>
    <type name="AJW_R700">
        <nominal>0</nominal>
        <lifetime>2700</lifetime>
        <restock>360</restock>
        <min>0</min>
        <quantmin>100</quantmin>
        <quantmax>100</quantmax>
        <cost>100</cost>
        <flags count_in_cargo="0" count_in_hoarder="0" count_in_map="1" count_in_player="0" crafted="0" deloot="0" />
        <category name="weapons" />
        <usage name="Military" />
        <usage name="Police" />
        <usage name="Farm" />
        <usage name="Town" />
        <usage name="Village" />
        <value name="Tier1" />
    </type>
    <type name="AJW_Gewehr43_Wood">
        <nominal>0</nominal>
        <lifetime>2700</lifetime>
        <restock>360</restock>
        <min>0</min>
        <quantmin>30</quantmin>
        <quantmax>100</quantmax>
        <cost>100</cost>
        <flags count_in_cargo="0" count_in_hoarder="0" count_in_map="1" count_in_player="0" crafted="0" deloot="0" />
        <category name="weapons" />
        <usage name="Military" />
        <usage name="Farm" />
        <usage name="Town" />
        <usage name="Village" />
        <value name="Tier1" />
    </type>
    <type name="AJW_SV98">
        <nominal>0</nominal>
        <lifetime>2700</lifetime>
        <restock>360</restock>
        <min>0</min>
        <quantmin>-1</quantmin>
        <quantmax>-1</quantmax>
        <cost>100</cost>
        <flags count_in_cargo="0" count_in_hoarder="0" count_in_map="1" count_in_player="0" crafted="0" deloot="0" />
        <category name="weapons" />
        <usage name="Military" />
        <value name="Tier2" />
        <value name="Tier3" />
    </type>
    <type name="AJW_DMK12_Black">
        <nominal>0</nominal>
        <lifetime>2700</lifetime>
        <restock>360</restock>
        <min>0</min>
        <quantmin>-1</quantmin>
        <quantmax>-1</quantmax>
        <cost>100</cost>
        <flags count_in_cargo="0" count_in_hoarder="0" count_in_map="1" count_in_player="0" crafted="0" deloot="0" />
        <category name="weapons" />
        <usage name="Underground" />
        <value name="Tier4" />
    </type>
    <type name="AJW_DMK12_FDE">
        <nominal>0</nominal>
        <lifetime>2700</lifetime>
        <restock>360</restock>
        <min>0</min>
        <quantmin>-1</quantmin>
        <quantmax>-1</quantmax>
        <cost>100</cost>
        <flags count_in_cargo="0" count_in_hoarder="0" count_in_map="1" count_in_player="0" crafted="0" deloot="1" />
        <category name="weapons" />
        <usage name="Underground" />
        <value name="Tier4" />
    </type>
    <type name="AJW_Kimber1911">
        <nominal>0</nominal>
        <lifetime>2700</lifetime>
        <restock>360</restock>
        <min>0</min>
        <quantmin>-1</quantmin>
        <quantmax>-1</quantmax>
        <cost>100</cost>
        <flags count_in_cargo="0" count_in_hoarder="0" count_in_map="1" count_in_player="0" crafted="0" deloot="0" />
        <category name="weapons" />
        <usage name="Military" />
        <value name="Tier1" />
    </type>
    <type name="AJW_CZP09_OD">
        <nominal>0</nominal>
        <lifetime>2700</lifetime>
        <restock>360</restock>
        <min>0</min>
        <quantmin>-1</quantmin>
        <quantmax>-1</quantmax>
        <cost>100</cost>
        <flags count_in_cargo="0" count_in_hoarder="0" count_in_map="1" count_in_player="0" crafted="0" deloot="0" />
        <category name="weapons" />
        <usage name="Military" />
        <value name="Tier1" />
        <value name="Tier2" />
    </type>
    <type name="AJW_EVO3_Black">
        <nominal>0</nominal>
        <lifetime>2700</lifetime>
        <restock>360</restock>
        <min>0</min>
        <quantmin>-1</quantmin>
        <quantmax>-1</quantmax>
        <cost>100</cost>
        <flags count_in_cargo="0" count_in_hoarder="0" count_in_map="1" count_in_player="0" crafted="0" deloot="0" />
        <category name="weapons" />
        <usage name="Military" />
        <usage name="Town" />
        <usage name="Village" />
        <value name="Tier1" />
        <value name="Tier2" />
    </type>
    <type name="AJW_EVO3_Grey">
        <nominal>0</nominal>
        <lifetime>2700</lifetime>
        <restock>360</restock>
        <min>0</min>
        <quantmin>-1</quantmin>
        <quantmax>-1</quantmax>
        <cost>100</cost>
        <flags count_in_cargo="0" count_in_hoarder="0" count_in_map="1" count_in_player="0" crafted="0" deloot="0" />
        <category name="weapons" />
        <usage name="Military" />
        <usage name="Town" />
        <usage name="Village" />
        <value name="Tier1" />
    </type>
    <type name="AJW_EVO3_FDE">
        <nominal>0</nominal>
        <lifetime>2700</lifetime>
        <restock>360</restock>
        <min>0</min>
        <quantmin>-1</quantmin>
        <quantmax>-1</quantmax>
        <cost>100</cost>
        <flags count_in_cargo="0" count_in_hoarder="0" count_in_map="1" count_in_player="0" crafted="0" deloot="0" />
        <category name="weapons" />
        <usage name="Military" />
        <usage name="Town" />
        <usage name="Village" />
        <value name="Tier1" />
    </type>
    <type name="AJW_MarlinTactical_Black">
        <nominal>0</nominal>
        <lifetime>2700</lifetime>
        <restock>360</restock>
        <min>0</min>
        <quantmin>-1</quantmin>
        <quantmax>-1</quantmax>
        <cost>100</cost>
        <flags count_in_cargo="0" count_in_hoarder="0" count_in_map="1" count_in_player="0" crafted="0" deloot="0" />
        <category name="weapons" />
        <usage name="Military" />
        <usage name="Town" />
        <usage name="Village" />
        <value name="Tier1" />
    </type>
    <type name="AJW_AK5C_Green">
        <nominal>0</nominal>
        <lifetime>2700</lifetime>
        <restock>360</restock>
        <min>0</min>
        <quantmin>-1</quantmin>
        <quantmax>-1</quantmax>
        <cost>100</cost>
        <flags count_in_cargo="0" count_in_hoarder="0" count_in_map="1" count_in_player="0" crafted="0" deloot="1" />
        <category name="weapons" />
        <usage name="Military" />
        <value name="Tier4" />
    </type>
    <type name="AJW_AK5C_KHK">
        <nominal>0</nominal>
        <lifetime>2700</lifetime>
        <restock>360</restock>
        <min>0</min>
        <quantmin>-1</quantmin>
        <quantmax>-1</quantmax>
        <cost>100</cost>
        <flags count_in_cargo="0" count_in_hoarder="0" count_in_map="1" count_in_player="0" crafted="0" deloot="1" />
        <category name="weapons" />
        <usage name="Military" />
        <value name="Tier4" />
    </type>
    <type name="AJW_AK5C_Black">
        <nominal>0</nominal>
        <lifetime>2700</lifetime>
        <restock>360</restock>
        <min>0</min>
        <quantmin>-1</quantmin>
        <quantmax>-1</quantmax>
        <cost>100</cost>
        <flags count_in_cargo="0" count_in_hoarder="0" count_in_map="1" count_in_player="0" crafted="0" deloot="1" />
        <category name="weapons" />
        <usage name="Military" />
        <value name="Tier4" />
    </type>
    <type name="AJW_K98_Standard">
        <nominal>0</nominal>
        <lifetime>2700</lifetime>
        <restock>360</restock>
        <min>0</min>
        <quantmin>-1</quantmin>
        <quantmax>-1</quantmax>
        <cost>100</cost>
        <flags count_in_cargo="0" count_in_hoarder="0" count_in_map="1" count_in_player="0" crafted="0" deloot="0" />
        <category name="weapons" />
        <usage name="Military" />
        <usage name="Town" />
        <usage name="Village" />
        <usage name="Hunting" />
        <value name="Tier1" />
    </type>
    <type name="AJW_K98_BlackTie">
        <nominal>0</nominal>
        <lifetime>2700</lifetime>
        <restock>360</restock>
        <min>0</min>
        <quantmin>-1</quantmin>
        <quantmax>-1</quantmax>
        <cost>100</cost>
        <flags count_in_cargo="0" count_in_hoarder="0" count_in_map="1" count_in_player="0" crafted="0" deloot="0" />
        <category name="weapons" />
        <usage name="Military" />
        <usage name="Town" />
        <value name="Tier1" />
    </type>
    <type name="AJW_K98_Tac_Wood">
        <nominal>0</nominal>
        <lifetime>2700</lifetime>
        <restock>360</restock>
        <min>0</min>
        <quantmin>-1</quantmin>
        <quantmax>-1</quantmax>
        <cost>100</cost>
        <flags count_in_cargo="0" count_in_hoarder="0" count_in_map="1" count_in_player="0" crafted="0" deloot="0" />
        <category name="weapons" />
        <usage name="Town" />
        <usage name="Village" />
        <value name="Tier1" />
        <value name="Tier2" />
    </type>
    <type name="AJW_K98_Tac_Poly">
        <nominal>0</nominal>
        <lifetime>2700</lifetime>
        <restock>360</restock>
        <min>0</min>
        <quantmin>-1</quantmin>
        <quantmax>-1</quantmax>
        <cost>100</cost>
        <flags count_in_cargo="0" count_in_hoarder="0" count_in_map="1" count_in_player="0" crafted="0" deloot="0" />
        <category name="weapons" />
        <usage name="Town" />
        <usage name="Village" />
        <value name="Tier1" />
        <value name="Tier2" />
    </type>
    <type name="AJW_PPSH_Classic">
        <nominal>0</nominal>
        <lifetime>2700</lifetime>
        <restock>360</restock>
        <min>0</min>
        <quantmin>-1</quantmin>
        <quantmax>-1</quantmax>
        <cost>100</cost>
        <flags count_in_cargo="0" count_in_hoarder="0" count_in_map="1" count_in_player="0" crafted="0" deloot="0" />
        <category name="weapons" />
        <usage name="Military" />
        <usage name="Town" />
        <usage name="Village" />
        <usage name="Police" />
        <value name="Tier2" />
        <value name="Tier3" />
    </type>
    <type name="AJW_MK14_EBR_SASS_FDE">
        <nominal>0</nominal>
        <lifetime>2700</lifetime>
        <restock>360</restock>
        <min>0</min>
        <quantmin>-1</quantmin>
        <quantmax>-1</quantmax>
        <cost>100</cost>
        <flags count_in_cargo="0" count_in_hoarder="0" count_in_map="1" count_in_player="0" crafted="0" deloot="1" />
        <category name="weapons" />
        <usage name="Underground" />
        <value name="Tier4" />
    </type>
    <type name="AJW_HKG28_FDE">
        <nominal>0</nominal>
        <lifetime>2700</lifetime>
        <restock>360</restock>
        <min>0</min>
        <quantmin>-1</quantmin>
        <quantmax>-1</quantmax>
        <cost>100</cost>
        <flags count_in_cargo="0" count_in_hoarder="0" count_in_map="1" count_in_player="0" crafted="0" deloot="1" />
        <category name="weapons" />
        <usage name="Military" />
        <value name="Tier4" />
    </type>
    <type name="AJW_Beretta92FS_Black">
        <nominal>0</nominal>
        <lifetime>2700</lifetime>
        <restock>360</restock>
        <min>0</min>
        <quantmin>-1</quantmin>
        <quantmax>-1</quantmax>
        <cost>100</cost>
        <flags count_in_cargo="0" count_in_hoarder="0" count_in_map="1" count_in_player="0" crafted="0" deloot="0" />
        <category name="weapons" />
        <usage name="Military" />
        <value name="Tier1" />
    </type>
    <type name="AJW_HK416_14_Black">
        <nominal>0</nominal>
        <lifetime>2700</lifetime>
        <restock>360</restock>
        <min>0</min>
        <quantmin>-1</quantmin>
        <quantmax>-1</quantmax>
        <cost>100</cost>
        <flags count_in_cargo="0" count_in_hoarder="0" count_in_map="1" count_in_player="0" crafted="0" deloot="1" />
        <category name="weapons" />
        <usage name="Military" />
        <usage name="Police" />
        <value name="Tier4" />
    </type>
    <type name="AJW_HK416_14_FDE">
        <nominal>0</nominal>
        <lifetime>2700</lifetime>
        <restock>360</restock>
        <min>0</min>
        <quantmin>-1</quantmin>
        <quantmax>-1</quantmax>
        <cost>100</cost>
        <flags count_in_cargo="0" count_in_hoarder="0" count_in_map="1" count_in_player="0" crafted="0" deloot="1" />
        <category name="weapons" />
        <usage name="Military" />
        <usage name="Police" />
        <value name="Tier4" />
    </type>
    <type name="AJW_HK416_10_Black">
        <nominal>0</nominal>
        <lifetime>2700</lifetime>
        <restock>360</restock>
        <min>0</min>
        <quantmin>-1</quantmin>
        <quantmax>-1</quantmax>
        <cost>100</cost>
        <flags count_in_cargo="0" count_in_hoarder="0" count_in_map="1" count_in_player="0" crafted="0" deloot="1" />
        <category name="weapons" />
        <usage name="Military" />
        <usage name="Police" />
        <value name="Tier4" />
    </type>
    <type name="AJW_HK416_10_FDE">
        <nominal>0</nominal>
        <lifetime>2700</lifetime>
        <restock>360</restock>
        <min>0</min>
        <quantmin>-1</quantmin>
        <quantmax>-1</quantmax>
        <cost>100</cost>
        <flags count_in_cargo="0" count_in_hoarder="0" count_in_map="1" count_in_player="0" crafted="0" deloot="1" />
        <category name="weapons" />
        <usage name="Military" />
        <usage name="Police" />
        <value name="Tier4" />
    </type>
    <type name="AJW_SCARL_TAN">
        <nominal>0</nominal>
        <lifetime>2700</lifetime>
        <restock>360</restock>
        <min>0</min>
        <quantmin>-1</quantmin>
        <quantmax>-1</quantmax>
        <cost>100</cost>
        <flags count_in_cargo="0" count_in_hoarder="0" count_in_map="1" count_in_player="0" crafted="0" deloot="1" />
        <category name="weapons" />
        <usage name="Military" />
        <usage name="Convoy" />
        <value name="Tier4" />
    </type>
    <type name="AJW_SCARL_Black">
        <nominal>0</nominal>
        <lifetime>2700</lifetime>
        <restock>360</restock>
        <min>0</min>
        <quantmin>-1</quantmin>
        <quantmax>-1</quantmax>
        <cost>100</cost>
        <flags count_in_cargo="0" count_in_hoarder="0" count_in_map="1" count_in_player="0" crafted="0" deloot="1" />
        <category name="weapons" />
        <usage name="Military" />
        <usage name="Convoy" />
        <value name="Tier4" />
    </type>
    <type name="AJW_SCARH_MCT">
        <nominal>0</nominal>
        <lifetime>2700</lifetime>
        <restock>360</restock>
        <min>0</min>
        <quantmin>-1</quantmin>
        <quantmax>-1</quantmax>
        <cost>100</cost>
        <flags count_in_cargo="0" count_in_hoarder="0" count_in_map="1" count_in_player="0" crafted="0" deloot="0" />
        <category name="weapons" />
        <usage name="Underground" />
        <value name="Tier4" />
    </type>
    <type name="AJW_SCARH_White">
        <nominal>0</nominal>
        <lifetime>2700</lifetime>
        <restock>360</restock>
        <min>0</min>
        <quantmin>-1</quantmin>
        <quantmax>-1</quantmax>
        <cost>100</cost>
        <flags count_in_cargo="0" count_in_hoarder="0" count_in_map="1" count_in_player="0" crafted="0" deloot="0" />
        <category name="weapons" />
        <usage name="Underground" />
        <value name="Tier4" />
    </type>
    <type name="AJW_SCARH_TAN">
        <nominal>0</nominal>
        <lifetime>2700</lifetime>
        <restock>360</restock>
        <min>0</min>
        <quantmin>-1</quantmin>
        <quantmax>-1</quantmax>
        <cost>100</cost>
        <flags count_in_cargo="0" count_in_hoarder="0" count_in_map="1" count_in_player="0" crafted="0" deloot="0" />
        <category name="weapons" />
        <usage name="Underground" />
        <value name="Tier4" />
    </type>
    <type name="AJW_SCARH_Black">
        <nominal>0</nominal>
        <lifetime>2700</lifetime>
        <restock>360</restock>
        <min>0</min>
        <quantmin>-1</quantmin>
        <quantmax>-1</quantmax>
        <cost>100</cost>
        <flags count_in_cargo="0" count_in_hoarder="0" count_in_map="1" count_in_player="0" crafted="0" deloot="0" />
        <category name="weapons" />
        <usage name="Underground" />
        <value name="Tier4" />
    </type>
    <type name="AJW_MK12_Black">
        <nominal>0</nominal>
        <lifetime>2700</lifetime>
        <restock>360</restock>
        <min>0</min>
        <quantmin>-1</quantmin>
        <quantmax>-1</quantmax>
        <cost>100</cost>
        <flags count_in_cargo="0" count_in_hoarder="0" count_in_map="1" count_in_player="0" crafted="0" deloot="1" />
        <category name="weapons" />
        <usage name="Military" />
        <value name="Tier1" />
    </type>
    <type name="AJW_MK12_FDE">
        <nominal>0</nominal>
        <lifetime>2700</lifetime>
        <restock>360</restock>
        <min>0</min>
        <quantmin>-1</quantmin>
        <quantmax>-1</quantmax>
        <cost>100</cost>
        <flags count_in_cargo="0" count_in_hoarder="0" count_in_map="1" count_in_player="0" crafted="0" deloot="1" />
        <category name="weapons" />
        <usage name="Military" />
        <value name="Tier2" />
        <value name="Tier3" />
    </type>
    <type name="AJW_GOL_Magnum_Green">
        <nominal>0</nominal>
        <lifetime>7200</lifetime>
        <restock>7200</restock>
        <min>0</min>
        <quantmin>-1</quantmin>
        <quantmax>-1</quantmax>
        <cost>100</cost>
        <flags count_in_cargo="0" count_in_hoarder="0" count_in_map="1" count_in_player="0" crafted="0" deloot="0" />
        <category name="clothes" />
        <usage name="Underground" />
        <value name="Tier4" />
    </type>
    <type name="AJW__AWM_Green">
        <nominal>0</nominal>
        <lifetime>7200</lifetime>
        <restock>7200</restock>
        <min>0</min>
        <quantmin>-1</quantmin>
        <quantmax>-1</quantmax>
        <cost>100</cost>
        <flags count_in_cargo="0" count_in_hoarder="0" count_in_map="1" count_in_player="0" crafted="0" deloot="0" />
        <category name="clothes" />
        <usage name="Underground" />
        <value name="Tier4" />
    </type>
    <type name="AJW__AWM_Gold">
        <nominal>0</nominal>
        <lifetime>7200</lifetime>
        <restock>7200</restock>
        <min>0</min>
        <quantmin>-1</quantmin>
        <quantmax>-1</quantmax>
        <cost>100</cost>
        <flags count_in_cargo="0" count_in_hoarder="0" count_in_map="1" count_in_player="0" crafted="0" deloot="0" />
        <category name="clothes" />
        <usage name="Underground" />
        <value name="Tier4" />
    </type>
    <type name="AJW_M40A3_Green">
        <nominal>0</nominal>
        <lifetime>2700</lifetime>
        <restock>360</restock>
        <min>0</min>
        <quantmin>100</quantmin>
        <quantmax>100</quantmax>
        <cost>100</cost>
        <flags count_in_cargo="0" count_in_hoarder="0" count_in_map="1" count_in_player="0" crafted="0" deloot="0" />
        <category name="weapons" />
        <usage name="Military" />
        <value name="Tier2" />
        <value name="Tier3" />
    </type>
    <type name="AJW_M40A3_Camo">
        <nominal>0</nominal>
        <lifetime>2700</lifetime>
        <restock>360</restock>
        <min>0</min>
        <quantmin>100</quantmin>
        <quantmax>100</quantmax>
        <cost>100</cost>
        <flags count_in_cargo="0" count_in_hoarder="0" count_in_map="1" count_in_player="0" crafted="0" deloot="0" />
        <category name="weapons" />
        <usage name="Military" />
        <value name="Tier2" />
        <value name="Tier3" />
    </type>
    <type name="AJW_CM_TaranTactical_FDE">
        <nominal>0</nominal>
        <lifetime>2700</lifetime>
        <restock>360</restock>
        <min>0</min>
        <quantmin>-1</quantmin>
        <quantmax>-1</quantmax>
        <cost>100</cost>
        <flags count_in_cargo="0" count_in_hoarder="0" count_in_map="1" count_in_player="0" crafted="0" deloot="0" />
        <category name="weapons" />
        <usage name="Military" />
        <value name="Tier1" />
    </type>
    <type name="AJW_CM_TaranTactical_Black">
        <nominal>0</nominal>
        <lifetime>2700</lifetime>
        <restock>360</restock>
        <min>0</min>
        <quantmin>-1</quantmin>
        <quantmax>-1</quantmax>
        <cost>100</cost>
        <flags count_in_cargo="0" count_in_hoarder="0" count_in_map="1" count_in_player="0" crafted="0" deloot="0" />
        <category name="weapons" />
        <usage name="Military" />
        <value name="Tier1" />
        <value name="Tier2" />
    </type>
    <type name="AJW_M1897_Bayonet">
        <nominal>0</nominal>
        <lifetime>2700</lifetime>
        <restock>360</restock>
        <min>0</min>
        <quantmin>-1</quantmin>
        <quantmax>-1</quantmax>
        <cost>100</cost>
        <flags count_in_cargo="0" count_in_hoarder="0" count_in_map="1" count_in_player="0" crafted="0" deloot="0" />
        <category name="weapons" />
        <usage name="Farm" />
        <usage name="Village" />
        <value name="Tier1" />
    </type>
</types>