<?xml version="1.0" encoding="UTF-8" standalone="yes"?>
<types>
    <!-- CDAJ -->
    <type name="AJW_Ammo_8mm">
        <nominal>40</nominal>
        <lifetime>2700</lifetime>
        <restock>360</restock>
        <min>25</min>
        <quantmin>10</quantmin>
        <quantmax>50</quantmax>
        <cost>100</cost>
        <flags count_in_cargo="0" count_in_hoarder="0" count_in_map="1" count_in_player="0" crafted="0" deloot="0" />
        <category name="weapons" />
        <usage name="Military"/>
        <usage name="Town"/>
        <usage name="Village"/>
        <usage name="Hunting"/>
        <value name="Tier3" />
        <value name="Tier2" />
    </type>
    <type name="AJW_Ammo_762x25">
        <nominal>12</nominal>
        <lifetime>2700</lifetime>
        <restock>360</restock>
        <min>10</min>
        <quantmin>10</quantmin>
        <quantmax>50</quantmax>
        <cost>100</cost>
        <flags count_in_cargo="0" count_in_hoarder="0" count_in_map="1" count_in_player="0" crafted="0" deloot="0" />
        <category name="weapons" />
        <usage name="Military"/>
        <usage name="Town"/>
        <usage name="Village"/>
        <usage name="Police"/>
        <value name="Tier1" />
        <value name="Tier2" />
    </type>
    <type name="AJW_Ammo_300WM">
        <nominal>15</nominal>
        <lifetime>2700</lifetime>
        <restock>360</restock>
        <min>4</min>
        <quantmin>10</quantmin>
        <quantmax>50</quantmax>
        <cost>100</cost>
        <flags count_in_cargo="0" count_in_hoarder="0" count_in_map="1" count_in_player="0" crafted="0" deloot="1" />
        <category name="weapons" />
        <usage name="Military" />
        <value name="Tier3" />
        <value name="Tier4"/>
    </type>
    <type name="AJW__Ammo_338">
        <nominal>0</nominal>
        <lifetime>2700</lifetime>
        <restock>360</restock>
        <min>0</min>
        <quantmin>10</quantmin>
        <quantmax>50</quantmax>
        <cost>100</cost>
        <flags count_in_cargo="0" count_in_hoarder="0" count_in_map="1" count_in_player="0" crafted="0" deloot="0" />
        <category name="clothes" />
        <usage name="Military" />
        <value name="Tier3" />
        <value name="Tier4" />
    </type>
    <type name="AJW__AmmoBox_338mm_10Rnd">
        <nominal>12</nominal>
        <lifetime>7200</lifetime>
        <restock>7200</restock>
        <min>3</min>
        <quantmin>-1</quantmin>
        <quantmax>-1</quantmax>
        <cost>100</cost>
        <flags count_in_cargo="0" count_in_hoarder="0" count_in_map="1" count_in_player="0" crafted="0" deloot="0" />
        <category name="clothes" />
        <usage name="Military" />
        <value name="Tier3" />
        <value name="Tier4" />
    </type>
</types>