<?xml version="1.0" encoding="UTF-8" standalone="yes"?>
<types>
    <type name="AJW_M1897_Bayonet">
        <nominal>14</nominal>
        <lifetime>2700</lifetime>
        <restock>360</restock>
        <min>7</min>
        <quantmin>10</quantmin>
        <quantmax>60</quantmax>
        <cost>100</cost>
        <flags count_in_cargo="0" count_in_hoarder="0" count_in_map="1" count_in_player="0" crafted="0" deloot="0" />
        <category name="weapons" />
        <usage name="Military" />
        <value name="Tier2" />
        <value name="Tier3" />
    </type>
</types>