<?xml version="1.0" encoding="UTF-8" standalone="yes"?>
<types>
    <!-- CDAJ -->
    <type name="AJW_BD_Car15_Optic">
        <nominal>4</nominal>
        <lifetime>2700</lifetime>
        <restock>360</restock>
        <min>2</min>
        <quantmin>-1</quantmin>
        <quantmax>-1</quantmax>
        <cost>100</cost>
        <flags count_in_cargo="0" count_in_hoarder="0" count_in_map="1" count_in_player="0" crafted="0" deloot="0" />
        <category name="weapons" />
        <usage name="Military"/>
        <value name="Tier3"/>
    </type>
    <type name="AJW_Optic_EOTech_EXPS3_TwoTone">
        <nominal>3</nominal>
        <lifetime>2700</lifetime>
        <restock>360</restock>
        <min>1</min>
        <quantmin>-1</quantmin>
        <quantmax>-1</quantmax>
        <cost>100</cost>
        <flags count_in_cargo="0" count_in_hoarder="0" count_in_map="1" count_in_player="0" crafted="0" deloot="0" />
        <category name="weapons" />
        <usage name="Military"/>
        <value name="Tier4"/>
    </type>
    <type name="AJW_Optic_OKP7">
        <nominal>25</nominal>
        <lifetime>2700</lifetime>
        <restock>360</restock>
        <min>16</min>
        <quantmin>-1</quantmin>
        <quantmax>-1</quantmax>
        <cost>100</cost>
        <flags count_in_cargo="0" count_in_hoarder="0" count_in_map="1" count_in_player="0" crafted="0" deloot="0" />
        <category name="weapons" />
        <usage name="Military" />
        <value name="Tier1" />
        <value name="Tier2" />
        <value name="Tier3" />
        <value name="Tier4" />
    </type>  
    <type name="AJW_Optic_LeupoldHoloDEVO">
        <nominal>7</nominal>
        <lifetime>2700</lifetime>
        <restock>360</restock>
        <min>3</min>
        <quantmin>-1</quantmin>
        <quantmax>-1</quantmax>
        <cost>100</cost>
        <flags count_in_cargo="0" count_in_hoarder="0" count_in_map="1" count_in_player="0" crafted="0" deloot="0" />
        <category name="weapons" />
        <usage name="Military"/>
        <value name="Tier4" />
        <value name="Tier3" />
    </type>
    <type name="AJW_Optic_EoTechVudu">
        <nominal>7</nominal>
        <lifetime>2700</lifetime>
        <restock>360</restock>
        <min>3</min>
        <quantmin>-1</quantmin>
        <quantmax>-1</quantmax>
        <cost>100</cost>
        <flags count_in_cargo="0" count_in_hoarder="0" count_in_map="1" count_in_player="0" crafted="0" deloot="0" />
        <category name="weapons" />
        <usage name="Underground"/>
        <value name="Tier4" />
    </type>
    <type name="AJW_Optic_HAMR">
        <nominal>18</nominal>
        <lifetime>2700</lifetime>
        <restock>360</restock>
        <min>8</min>
        <quantmin>-1</quantmin>
        <quantmax>-1</quantmax>
        <cost>100</cost>
        <flags count_in_cargo="0" count_in_hoarder="0" count_in_map="1" count_in_player="0" crafted="0" deloot="0" />
        <category name="weapons" />
        <usage name="Military"/>
        <value name="Tier3" />
        <value name="Tier4" />
    </type>
    <type name="AJW_Optic_ACOG_Chevron">
        <nominal>16</nominal>
        <lifetime>2700</lifetime>
        <restock>360</restock>
        <min>8</min>
        <quantmin>-1</quantmin>
        <quantmax>-1</quantmax>
        <cost>100</cost>
        <flags count_in_cargo="0" count_in_hoarder="0" count_in_map="1" count_in_player="0" crafted="0" deloot="0" />
        <category name="weapons" />
        <usage name="Military"/>
        <value name="Tier2" />
        <value name="Tier3" />
    </type>
    <type name="AJW_Optic_ACOG_Horseshoe">
        <nominal>16</nominal>
        <lifetime>2700</lifetime>
        <restock>360</restock>
        <min>8</min>
        <quantmin>-1</quantmin>
        <quantmax>-1</quantmax>
        <cost>100</cost>
        <flags count_in_cargo="0" count_in_hoarder="0" count_in_map="1" count_in_player="0" crafted="0" deloot="0" />
        <category name="weapons" />
        <usage name="Military"/>
        <value name="Tier2" />
        <value name="Tier3" />
    </type>
    <type name="AJW_Optic_ACOG_ACSS">
        <nominal>16</nominal>
        <lifetime>2700</lifetime>
        <restock>360</restock>
        <min>8</min>
        <quantmin>-1</quantmin>
        <quantmax>-1</quantmax>
        <cost>100</cost>
        <flags count_in_cargo="0" count_in_hoarder="0" count_in_map="1" count_in_player="0" crafted="0" deloot="0" />
        <category name="weapons" />
        <usage name="Military"/>
        <value name="Tier2" />
        <value name="Tier3" />
    </type>
    <type name="AJW_Optic_Accupower">
        <nominal>18</nominal>
        <lifetime>2700</lifetime>
        <restock>360</restock>
        <min>9</min>
        <quantmin>-1</quantmin>
        <quantmax>-1</quantmax>
        <cost>100</cost>
        <flags count_in_cargo="0" count_in_hoarder="0" count_in_map="1" count_in_player="0" crafted="0" deloot="0" />
        <category name="weapons" />
        <usage name="Military"/>
        <value name="Tier3" />
        <value name="Tier4" />
    </type>
    <type name="AJW_Optic_K98">
        <nominal>4</nominal>
        <lifetime>2700</lifetime>
        <restock>360</restock>
        <min>1</min>
        <quantmin>-1</quantmin>
        <quantmax>-1</quantmax>
        <cost>100</cost>
        <flags count_in_cargo="0" count_in_hoarder="0" count_in_map="1" count_in_player="0" crafted="0" deloot="0" />
        <category name="weapons" />
        <usage name="Military"/>
        <usage name="Town"/>
        <value name="Tier4" />
    </type>
    <type name="AJW_Optic_Vortex">
        <nominal>8</nominal>
        <lifetime>2700</lifetime>
        <restock>360</restock>
        <min>3</min>
        <quantmin>-1</quantmin>
        <quantmax>-1</quantmax>
        <cost>100</cost>
        <flags count_in_cargo="0" count_in_hoarder="0" count_in_map="1" count_in_player="0" crafted="0" deloot="0" />
        <category name="weapons" />
        <usage name="Military"/>
        <value name="Tier3" />
        <value name="Tier2" />
    </type>
    <type name="AJW_Optic_MicroT2_Black">
        <nominal>10</nominal>
        <lifetime>2700</lifetime>
        <restock>360</restock>
        <min>5</min>
        <quantmin>-1</quantmin>
        <quantmax>-1</quantmax>
        <cost>100</cost>
        <flags count_in_cargo="0" count_in_hoarder="0" count_in_map="1" count_in_player="0" crafted="0" deloot="0" />
        <category name="weapons" />
        <usage name="Military"/>
        <value name="Tier3" />
        <value name="Tier2" />
    </type>
    <type name="AJW_Optic_MicroT2_FDE">
        <nominal>10</nominal>
        <lifetime>2700</lifetime>
        <restock>360</restock>
        <min>5</min>
        <quantmin>-1</quantmin>
        <quantmax>-1</quantmax>
        <cost>100</cost>
        <flags count_in_cargo="0" count_in_hoarder="0" count_in_map="1" count_in_player="0" crafted="0" deloot="0" />
        <category name="weapons" />
v
    </type>
    <type name="AJW_Optic_StrikeFire_Black">
        <nominal>8</nominal>
        <lifetime>2700</lifetime>
        <restock>360</restock>
        <min>3</min>
        <quantmin>-1</quantmin>
        <quantmax>-1</quantmax>
        <cost>100</cost>
        <flags count_in_cargo="0" count_in_hoarder="0" count_in_map="1" count_in_player="0" crafted="0" deloot="0" />
        <category name="weapons" />
        <usage name="Underground"/>
        <value name="Tier4" />
    </type>
    <type name="AJW_Optic_StrikeFire_FDE">
        <nominal>8</nominal>
        <lifetime>2700</lifetime>
        <restock>360</restock>
        <min>3</min>
        <quantmin>-1</quantmin>
        <quantmax>-1</quantmax>
        <cost>100</cost>
        <flags count_in_cargo="0" count_in_hoarder="0" count_in_map="1" count_in_player="0" crafted="0" deloot="0" />
        <category name="weapons" />
        <usage name="Underground"/>
        <value name="Tier4" />
    </type>
    <type name="AJW_Optic_EOTech_EXPS3_FDE">
        <nominal>6</nominal>
        <lifetime>7200</lifetime>
        <restock>7200</restock>
        <min>3</min>
        <quantmin>-1</quantmin>
        <quantmax>-1</quantmax>
        <cost>100</cost>
        <flags count_in_cargo="0" count_in_hoarder="0" count_in_map="1" count_in_player="0" crafted="0" deloot="1" />
        <category name="weapons" />
        <usage name="Military"/>
        <value name="Tier3" />
        <value name="Tier4" />
    </type>
    <type name="AJW_Optic_EOTech_EXPS3_Black">
        <nominal>6</nominal>
        <lifetime>7200</lifetime>
        <restock>7200</restock>
        <min>3</min>
        <quantmin>-1</quantmin>
        <quantmax>-1</quantmax>
        <cost>100</cost>
        <flags count_in_cargo="0" count_in_hoarder="0" count_in_map="1" count_in_player="0" crafted="0" deloot="0" />
        <category name="weapons" />
        <usage name="Military"/>
        <value name="Tier3" />
        <value name="Tier4" />
    </type>
    <type name="AJW_Optic_EOTech_EXPS3_Black_Wojack">
        <nominal>0</nominal>
        <lifetime>7200</lifetime>
        <restock>7200</restock>
        <min>0</min>
        <quantmin>-1</quantmin>
        <quantmax>-1</quantmax>
        <cost>100</cost>
        <flags count_in_cargo="0" count_in_hoarder="0" count_in_map="1" count_in_player="0" crafted="0" deloot="0" />
        <category name="weapons" />
        <usage name="Military"/>
        <value name="Tier3" />
        <value name="Tier4" />
    </type>
    <type name="AJW_Optic_LRHS_FDE">
        <nominal>6</nominal>
        <lifetime>7200</lifetime>
        <restock>7200</restock>
        <min>3</min>
        <quantmin>-1</quantmin>
        <quantmax>-1</quantmax>
        <cost>100</cost>
        <flags count_in_cargo="0" count_in_hoarder="0" count_in_map="1" count_in_player="0" crafted="0" deloot="1" />
        <category name="weapons" />
        <usage name="Military"/>
        <value name="Tier4" />
    </type>
    <type name="AJW_Optic_LRHS">
        <nominal>6</nominal>
        <lifetime>7200</lifetime>
        <restock>7200</restock>
        <min>3</min>
        <quantmin>-1</quantmin>
        <quantmax>-1</quantmax>
        <cost>100</cost>
        <flags count_in_cargo="0" count_in_hoarder="0" count_in_map="1" count_in_player="0" crafted="0" deloot="1" />
        <category name="weapons" />
        <usage name="Military"/>
        <value name="Tier4" />
    </type>
    <type name="AJW_Optic_Leupold_M3A">
        <nominal>5</nominal>
        <lifetime>7200</lifetime>
        <restock>7200</restock>
        <min>2</min>
        <quantmin>-1</quantmin>
        <quantmax>-1</quantmax>
        <cost>100</cost>
        <flags count_in_cargo="0" count_in_hoarder="0" count_in_map="1" count_in_player="0" crafted="0" deloot="1" />
        <category name="clothes" />
        <usage name="Military" />
        <usage name="Hunting" />
        <value name="Tier4" />
    </type>
</types>