<?xml version="1.0" encoding="UTF-8" standalone="yes"?>
<types>
<!-- CannabisPlus -->

<!-- V2.0 - 10 July 2020 -->
 	<type name="CP_Plant_CannabisSkunk">
        <lifetime>3888000</lifetime>
        <flags count_in_cargo="0" count_in_hoarder="0" count_in_map="1" count_in_player="0" crafted="0" deloot="0"/>
    </type>
    <type name="CP_CannabisSkunk">
        <nominal>45</nominal>
        <lifetime>3600</lifetime>
        <restock>1800</restock>
        <min>30</min>
        <quantmin>-1</quantmin>
        <quantmax>-1</quantmax>
        <cost>100</cost>
        <flags count_in_cargo="0" count_in_hoarder="0" count_in_map="1" count_in_player="0" crafted="0" deloot="0"/>
        <category name="food"/>
        <tag name="shelves"/>
        <usage name="Farm"/>
        <usage name="Town"/>
        <usage name="Village"/>
    </type>
    <type name="CP_CannabisSeedsSkunk">
        <nominal>0</nominal>
        <lifetime>86400</lifetime>
        <restock>1800</restock>
        <min>0</min>
        <quantmin>-1</quantmin>
        <quantmax>-1</quantmax>
        <cost>100</cost>
        <flags count_in_cargo="0" count_in_hoarder="0" count_in_map="1" count_in_player="0" crafted="1" deloot="0"/>
        <category name="food"/>
    </type>
    <type name="CP_CannabisSeedsPackSkunk">
        <nominal>30</nominal>
        <lifetime>7200</lifetime>
        <restock>1800</restock>
        <min>20</min>
        <quantmin>-1</quantmin>
        <quantmax>-1</quantmax>
        <cost>100</cost>
        <flags count_in_cargo="0" count_in_hoarder="0" count_in_map="1" count_in_player="0" crafted="0" deloot="0"/>
        <category name="food"/>
        <usage name="Farm"/>
        <usage name="Hunting"/>
    </type>
    <type name="CP_CannabisBagSkunk">
        <nominal>0</nominal>
        <lifetime>7200</lifetime>
        <restock>1800</restock>
        <min>0</min>
        <quantmin>-1</quantmin>
        <quantmax>-1</quantmax>
        <cost>100</cost>
        <flags count_in_cargo="0" count_in_hoarder="0" count_in_map="1" count_in_player="0" crafted="1" deloot="0"/>
        <category name="food"/>
    </type>
    <type name="CP_CannabisBrickSkunk">
        <nominal>0</nominal>
        <lifetime>7200</lifetime>
        <restock>1800</restock>
        <min>0</min>
        <quantmin>-1</quantmin>
        <quantmax>-1</quantmax>
        <cost>100</cost>
        <flags count_in_cargo="0" count_in_hoarder="0" count_in_map="1" count_in_player="0" crafted="1" deloot="0"/>
        <category name="food"/>
    </type>
    <type name="CP_CigarettePack_CannabisSkunk">
        <nominal>10</nominal>
        <lifetime>7200</lifetime>
        <restock>1800</restock>
        <min>8</min>
        <quantmin>1</quantmin>
        <quantmax>100</quantmax>
        <cost>100</cost>
        <flags count_in_cargo="0" count_in_hoarder="0" count_in_map="1" count_in_player="0" crafted="0" deloot="0"/>
        <usage name="Medic"/>
        <tag name="shelves"/>
        <value name="Tier4"/>
    </type>
    <type name="CP_JointSkunk">
        <nominal>10</nominal>
        <lifetime>7200</lifetime>
        <restock>1800</restock>
        <min>5</min>
        <quantmin>-1</quantmin>
        <quantmax>-1</quantmax>
        <cost>100</cost>
        <flags count_in_cargo="0" count_in_hoarder="0" count_in_map="1" count_in_player="0" crafted="0" deloot="0"/>
        <usage name="Medic"/>
        <tag name="shelves"/>
        <value name="Tier1"/>
        <value name="Tier2"/>
    </type>
 	<type name="CP_Plant_CannabisBlue">
        <lifetime>3888000</lifetime>
        <flags count_in_cargo="0" count_in_hoarder="0" count_in_map="1" count_in_player="0" crafted="0" deloot="0"/>
    </type>
	<type name="CP_CannabisBlue">
        <nominal>15</nominal>
        <lifetime>3600</lifetime>
        <restock>1800</restock>
        <min>10</min>
        <quantmin>-1</quantmin>
        <quantmax>-1</quantmax>
        <cost>100</cost>
        <flags count_in_cargo="0" count_in_hoarder="0" count_in_map="1" count_in_player="0" crafted="0" deloot="0"/>
        <category name="food"/>
        <tag name="shelves"/>
        <usage name="Farm"/>
        <usage name="Town"/>
        <usage name="Village"/>
    </type>
    <type name="CP_CannabisSeedsBlue">
        <nominal>0</nominal>
        <lifetime>86400</lifetime>
        <restock>1800</restock>
        <min>0</min>
        <quantmin>-1</quantmin>
        <quantmax>-1</quantmax>
        <cost>100</cost>
        <flags count_in_cargo="0" count_in_hoarder="0" count_in_map="1" count_in_player="0" crafted="1" deloot="0"/>
        <category name="food"/>
    </type>
    <type name="CP_CannabisSeedsPackBlue">
        <nominal>10</nominal>
        <lifetime>7200</lifetime>
        <restock>1800</restock>
        <min>5</min>
        <quantmin>-1</quantmin>
        <quantmax>-1</quantmax>
        <cost>100</cost>
        <flags count_in_cargo="0" count_in_hoarder="0" count_in_map="1" count_in_player="0" crafted="0" deloot="0"/>
        <category name="food"/>
        <usage name="Farm"/>
        <usage name="Hunting"/>
    </type>
    <type name="CP_CannabisBagBlue">
        <nominal>0</nominal>
        <lifetime>7200</lifetime>
        <restock>1800</restock>
        <min>0</min>
        <quantmin>-1</quantmin>
        <quantmax>-1</quantmax>
        <cost>100</cost>
        <flags count_in_cargo="0" count_in_hoarder="0" count_in_map="1" count_in_player="0" crafted="1" deloot="0"/>
        <category name="food"/>
    </type>
    <type name="CP_CannabisBrickBlue">
        <nominal>0</nominal>
        <lifetime>7200</lifetime>
        <restock>1800</restock>
        <min>0</min>
        <quantmin>-1</quantmin>
        <quantmax>-1</quantmax>
        <cost>100</cost>
        <flags count_in_cargo="0" count_in_hoarder="0" count_in_map="1" count_in_player="0" crafted="1" deloot="0"/>
        <category name="food"/>
    </type>
    <type name="CP_CigarettePack_CannabisBlue">
        <nominal>5</nominal>
        <lifetime>7200</lifetime>
        <restock>1800</restock>
        <min>4</min>
        <quantmin>1</quantmin>
        <quantmax>100</quantmax>
        <cost>100</cost>
        <flags count_in_cargo="0" count_in_hoarder="0" count_in_map="1" count_in_player="0" crafted="0" deloot="0"/>
        <usage name="Medic"/>
        <tag name="shelves"/>
        <value name="Tier4"/>
    </type>
    <type name="CP_JointBlue">
        <nominal>10</nominal>
        <lifetime>7200</lifetime>
        <restock>1800</restock>
        <min>5</min>
        <quantmin>-1</quantmin>
        <quantmax>-1</quantmax>
        <cost>100</cost>
        <flags count_in_cargo="0" count_in_hoarder="0" count_in_map="1" count_in_player="0" crafted="0" deloot="0"/>
        <usage name="Medic"/>
        <tag name="shelves"/>
        <value name="Tier1"/>
        <value name="Tier2"/>
    </type>
 	<type name="CP_Plant_CannabisKush">
        <lifetime>3888000</lifetime>
        <flags count_in_cargo="0" count_in_hoarder="0" count_in_map="1" count_in_player="0" crafted="0" deloot="0"/>
    </type>
	<type name="CP_CannabisKush">
        <nominal>9</nominal>
        <lifetime>3600</lifetime>
        <restock>1800</restock>
        <min>7</min>
        <quantmin>-1</quantmin>
        <quantmax>-1</quantmax>
        <cost>100</cost>
        <flags count_in_cargo="0" count_in_hoarder="0" count_in_map="1" count_in_player="0" crafted="0" deloot="0"/>
        <category name="food"/>
        <tag name="shelves"/>
        <usage name="Farm"/>
        <usage name="Town"/>
        <usage name="Village"/>
    </type>
    <type name="CP_CannabisSeedsKush">
        <nominal>0</nominal>
        <lifetime>86400</lifetime>
        <restock>1800</restock>
        <min>0</min>
        <quantmin>-1</quantmin>
        <quantmax>-1</quantmax>
        <cost>100</cost>
        <flags count_in_cargo="0" count_in_hoarder="0" count_in_map="1" count_in_player="0" crafted="1" deloot="0"/>
        <category name="food"/>
    </type>
    <type name="CP_CannabisSeedsPackKush">
        <nominal>6</nominal>
        <lifetime>7200</lifetime>
        <restock>1800</restock>
        <min>4</min>
        <quantmin>-1</quantmin>
        <quantmax>-1</quantmax>
        <cost>100</cost>
        <flags count_in_cargo="0" count_in_hoarder="0" count_in_map="1" count_in_player="0" crafted="0" deloot="0"/>
        <category name="food"/>
        <usage name="Farm"/>
        <usage name="Hunting"/>
    </type>
    <type name="CP_CannabisBagKush">
        <nominal>0</nominal>
        <lifetime>7200</lifetime>
        <restock>1800</restock>
        <min>0</min>
        <quantmin>-1</quantmin>
        <quantmax>-1</quantmax>
        <cost>100</cost>
        <flags count_in_cargo="0" count_in_hoarder="0" count_in_map="1" count_in_player="0" crafted="1" deloot="0"/>
        <category name="food"/>
    </type>
    <type name="CP_CannabisBrickKush">
        <nominal>0</nominal>
        <lifetime>7200</lifetime>
        <restock>1800</restock>
        <min>0</min>
        <quantmin>-1</quantmin>
        <quantmax>-1</quantmax>
        <cost>100</cost>
        <flags count_in_cargo="0" count_in_hoarder="0" count_in_map="1" count_in_player="0" crafted="1" deloot="0"/>
        <category name="food"/>
    </type>
    <type name="CP_CigarettePack_CannabisKush">
        <nominal>3</nominal>
        <lifetime>7200</lifetime>
        <restock>1800</restock>
        <min>2</min>
        <quantmin>1</quantmin>
        <quantmax>100</quantmax>
        <cost>100</cost>
        <flags count_in_cargo="0" count_in_hoarder="0" count_in_map="1" count_in_player="0" crafted="0" deloot="0"/>
        <usage name="Medic"/>
        <tag name="shelves"/>
        <value name="Tier4"/>
    </type>
    <type name="CP_JointKush">
        <nominal>9</nominal>
        <lifetime>7200</lifetime>
        <restock>1800</restock>
        <min>7</min>
        <quantmin>-1</quantmin>
        <quantmax>-1</quantmax>
        <cost>100</cost>
        <flags count_in_cargo="0" count_in_hoarder="0" count_in_map="1" count_in_player="0" crafted="0" deloot="0"/>
        <usage name="Medic"/>
        <tag name="shelves"/>
        <value name="Tier1"/>
        <value name="Tier2"/>
    </type>
 	<type name="CP_Plant_CannabisStardawg">
        <lifetime>3888000</lifetime>
        <flags count_in_cargo="0" count_in_hoarder="0" count_in_map="1" count_in_player="0" crafted="0" deloot="0"/>
    </type>
    <type name="CP_CannabisStardawg">
        <nominal>6</nominal>
        <lifetime>3600</lifetime>
        <restock>1800</restock>
        <min>4</min>
        <quantmin>-1</quantmin>
        <quantmax>-1</quantmax>
        <cost>100</cost>
        <flags count_in_cargo="0" count_in_hoarder="0" count_in_map="1" count_in_player="0" crafted="0" deloot="0"/>
        <category name="food"/>
        <tag name="shelves"/>
        <usage name="Farm"/>
        <usage name="Town"/>
        <usage name="Village"/>
    </type>
    <type name="CP_CannabisSeedsStardawg">
        <nominal>0</nominal>
        <lifetime>86400</lifetime>
        <restock>1800</restock>
        <min>0</min>
        <quantmin>-1</quantmin>
        <quantmax>-1</quantmax>
        <cost>100</cost>
        <flags count_in_cargo="0" count_in_hoarder="0" count_in_map="1" count_in_player="0" crafted="1" deloot="0"/>
        <category name="food"/>
    </type>
    <type name="CP_CannabisSeedsPackStardawg">
        <nominal>4</nominal>
        <lifetime>7200</lifetime>
        <restock>1800</restock>
        <min>1</min>
        <quantmin>-1</quantmin>
        <quantmax>-1</quantmax>
        <cost>100</cost>
        <flags count_in_cargo="0" count_in_hoarder="0" count_in_map="1" count_in_player="0" crafted="0" deloot="0"/>
        <category name="food"/>
        <usage name="Farm"/>
        <usage name="Hunting"/>
    </type>
    <type name="CP_CannabisBagStardawg">
        <nominal>0</nominal>
        <lifetime>7200</lifetime>
        <restock>1800</restock>
        <min>0</min>
        <quantmin>-1</quantmin>
        <quantmax>-1</quantmax>
        <cost>100</cost>
        <flags count_in_cargo="0" count_in_hoarder="0" count_in_map="1" count_in_player="0" crafted="1" deloot="0"/>
        <category name="food"/>
    </type>
    <type name="CP_CannabisBrickStardawg">
        <nominal>0</nominal>
        <lifetime>7200</lifetime>
        <restock>1800</restock>
        <min>0</min>
        <quantmin>-1</quantmin>
        <quantmax>-1</quantmax>
        <cost>100</cost>
        <flags count_in_cargo="0" count_in_hoarder="0" count_in_map="1" count_in_player="0" crafted="1" deloot="0"/>
        <category name="food"/>
    </type>
    <type name="CP_CigarettePack_CannabisStardawg">
        <nominal>2</nominal>
        <lifetime>7200</lifetime>
        <restock>1800</restock>
        <min>1</min>
        <quantmin>1</quantmin>
        <quantmax>100</quantmax>
        <cost>100</cost>
        <flags count_in_cargo="0" count_in_hoarder="0" count_in_map="1" count_in_player="0" crafted="0" deloot="0"/>
        <usage name="Medic"/>
        <tag name="shelves"/>
        <value name="Tier4"/>
    </type>
    <type name="CP_JointStardawg">
        <nominal>6</nominal>
        <lifetime>7200</lifetime>
        <restock>1800</restock>
        <min>4</min>
        <quantmin>-1</quantmin>
        <quantmax>-1</quantmax>
        <cost>100</cost>
        <flags count_in_cargo="0" count_in_hoarder="0" count_in_map="1" count_in_player="0" crafted="0" deloot="0"/>
        <usage name="Medic"/>
        <tag name="shelves"/>
        <value name="Tier1"/>
        <value name="Tier2"/>
    </type>
 	<type name="CP_Plant_Tobacco">
        <lifetime>3888000</lifetime>
        <flags count_in_cargo="0" count_in_hoarder="0" count_in_map="1" count_in_player="0" crafted="0" deloot="0"/>
    </type>
    <type name="CP_Tobacco">
        <nominal>50</nominal>
        <lifetime>3600</lifetime>
        <restock>1800</restock>
        <min>35</min>
        <quantmin>-1</quantmin>
        <quantmax>-1</quantmax>
        <cost>100</cost>
        <flags count_in_cargo="0" count_in_hoarder="0" count_in_map="1" count_in_player="0" crafted="0" deloot="0"/>
        <category name="food"/>
        <tag name="shelves"/>
        <usage name="Farm"/>
        <usage name="Town"/>
        <usage name="Village"/>
    </type>
    <type name="CP_TobaccoSeeds">
        <nominal>0</nominal>
        <lifetime>86400</lifetime>
        <restock>1800</restock>
        <min>0</min>
        <quantmin>-1</quantmin>
        <quantmax>-1</quantmax>
        <cost>100</cost>
        <flags count_in_cargo="0" count_in_hoarder="0" count_in_map="1" count_in_player="0" crafted="1" deloot="0"/>
        <category name="food"/>
    </type>
 	<type name="CP_TobaccoSeedsPack">
        <nominal>33</nominal>
        <lifetime>7200</lifetime>
        <restock>1800</restock>
        <min>25</min>
        <quantmin>-1</quantmin>
        <quantmax>-1</quantmax>
        <cost>100</cost>
        <flags count_in_cargo="0" count_in_hoarder="0" count_in_map="1" count_in_player="0" crafted="0" deloot="0"/>
        <category name="food"/>
        <usage name="Farm"/>
        <usage name="Hunting"/>
    </type>
    <type name="CP_CigarettePack_Empty">
        <nominal>40</nominal>
        <lifetime>7200</lifetime>
        <restock>1800</restock>
        <min>25</min>
        <quantmin>-1</quantmin>
        <quantmax>-1</quantmax>
        <cost>100</cost>
        <flags count_in_cargo="0" count_in_hoarder="0" count_in_map="1" count_in_player="0" crafted="0" deloot="0"/>
        <usage name="Medic"/>
        <usage name="Town"/>
        <tag name="shelves"/>
        <value name="Tier1"/>
        <value name="Tier2"/>
    </type>
    <type name="CigarettePack_Chernamorka">
        <nominal>5</nominal>
        <lifetime>7200</lifetime>
        <restock>1800</restock>
        <min>2</min>
        <quantmin>1</quantmin>
        <quantmax>100</quantmax>
        <cost>100</cost>
        <flags count_in_cargo="0" count_in_hoarder="0" count_in_map="1" count_in_player="0" crafted="0" deloot="0"/>
        <usage name="Medic"/>
        <usage name="Town"/>
        <tag name="shelves"/>
        <value name="Tier1"/>
        <value name="Tier2"/>
    </type>
    <type name="CigarettePack_Merkur">
        <nominal>5</nominal>
        <lifetime>7200</lifetime>
        <restock>1800</restock>
        <min>2</min>
        <quantmin>1</quantmin>
        <quantmax>100</quantmax>
        <cost>100</cost>
        <flags count_in_cargo="0" count_in_hoarder="0" count_in_map="1" count_in_player="0" crafted="0" deloot="0"/>
        <usage name="Medic"/>
        <usage name="Town"/>
        <tag name="shelves"/>
        <value name="Tier2"/>
        <value name="Tier3"/>
    </type>
    <type name="CigarettePack_Partyzanka">
        <nominal>5</nominal>
        <lifetime>7200</lifetime>
        <restock>1800</restock>
        <min>2</min>
        <quantmin>1</quantmin>
        <quantmax>100</quantmax>
        <cost>100</cost>
        <flags count_in_cargo="0" count_in_hoarder="0" count_in_map="1" count_in_player="0" crafted="0" deloot="0"/>
        <usage name="Medic"/>
        <usage name="Town"/>
        <tag name="shelves"/>
        <value name="Tier3"/>
        <value name="Tier4"/>
    </type>
    <type name="CP_Cigarette">
        <nominal>10</nominal>
        <lifetime>7200</lifetime>
        <restock>1800</restock>
        <min>5</min>
        <quantmin>-1</quantmin>
        <quantmax>-1</quantmax>
        <cost>100</cost>
        <flags count_in_cargo="0" count_in_hoarder="0" count_in_map="1" count_in_player="0" crafted="0" deloot="0"/>
        <usage name="Medic"/>
        <tag name="shelves"/>
        <value name="Tier1"/>
        <value name="Tier2"/>
    </type>
    <type name="CP_RollingPapers">
        <nominal>45</nominal>
        <lifetime>7200</lifetime>
        <restock>1800</restock>
        <min>35</min>
        <quantmin>1</quantmin>
        <quantmax>100</quantmax>
        <cost>100</cost>
        <flags count_in_cargo="0" count_in_hoarder="0" count_in_map="1" count_in_player="0" crafted="0" deloot="0"/>
        <usage name="Medic"/>
        <usage name="Town"/>
        <tag name="shelves"/>
        <value name="Tier1"/>
        <value name="Tier2"/>
    </type>

<!-- V2.1 - 13 Oct 2020 -->
 	<type name="CP_Plant_CannabisFuture">
        <lifetime>3888000</lifetime>
        <flags count_in_cargo="0" count_in_hoarder="0" count_in_map="1" count_in_player="0" crafted="0" deloot="0"/>
    </type>
    <type name="CP_CannabisFuture">
        <nominal>6</nominal>
        <lifetime>3600</lifetime>
        <restock>1800</restock>
        <min>4</min>
        <quantmin>-1</quantmin>
        <quantmax>-1</quantmax>
        <cost>100</cost>
        <flags count_in_cargo="0" count_in_hoarder="0" count_in_map="1" count_in_player="0" crafted="0" deloot="0"/>
        <category name="food"/>
        <tag name="shelves"/>
        <usage name="Farm"/>
        <usage name="Town"/>
        <usage name="Village"/>
    </type>
    <type name="CP_CannabisSeedsFuture">
        <nominal>0</nominal>
        <lifetime>86400</lifetime>
        <restock>1800</restock>
        <min>0</min>
        <quantmin>-1</quantmin>
        <quantmax>-1</quantmax>
        <cost>100</cost>
        <flags count_in_cargo="0" count_in_hoarder="0" count_in_map="1" count_in_player="0" crafted="1" deloot="0"/>
        <category name="food"/>
    </type>
    <type name="CP_CannabisSeedsPackFuture">
        <nominal>4</nominal>
        <lifetime>7200</lifetime>
        <restock>1800</restock>
        <min>1</min>
        <quantmin>-1</quantmin>
        <quantmax>-1</quantmax>
        <cost>100</cost>
        <flags count_in_cargo="0" count_in_hoarder="0" count_in_map="1" count_in_player="0" crafted="0" deloot="0"/>
        <category name="food"/>
        <usage name="Farm"/>
        <usage name="Hunting"/>
    </type>
    <type name="CP_CannabisBagFuture">
        <nominal>0</nominal>
        <lifetime>7200</lifetime>
        <restock>1800</restock>
        <min>0</min>
        <quantmin>-1</quantmin>
        <quantmax>-1</quantmax>
        <cost>100</cost>
        <flags count_in_cargo="0" count_in_hoarder="0" count_in_map="1" count_in_player="0" crafted="1" deloot="0"/>
        <category name="food"/>
    </type>
    <type name="CP_CannabisBrickFuture">
        <nominal>0</nominal>
        <lifetime>7200</lifetime>
        <restock>1800</restock>
        <min>0</min>
        <quantmin>-1</quantmin>
        <quantmax>-1</quantmax>
        <cost>100</cost>
        <flags count_in_cargo="0" count_in_hoarder="0" count_in_map="1" count_in_player="0" crafted="1" deloot="0"/>
        <category name="food"/>
    </type>
    <type name="CP_CigarettePack_CannabisFuture">
        <nominal>2</nominal>
        <lifetime>7200</lifetime>
        <restock>1800</restock>
        <min>1</min>
        <quantmin>1</quantmin>
        <quantmax>100</quantmax>
        <cost>100</cost>
        <flags count_in_cargo="0" count_in_hoarder="0" count_in_map="1" count_in_player="0" crafted="0" deloot="0"/>
        <usage name="Medic"/>
        <tag name="shelves"/>
        <value name="Tier4"/>
    </type>
    <type name="CP_JointFuture">
        <nominal>6</nominal>
        <lifetime>7200</lifetime>
        <restock>1800</restock>
        <min>4</min>
        <quantmin>-1</quantmin>
        <quantmax>-1</quantmax>
        <cost>100</cost>
        <flags count_in_cargo="0" count_in_hoarder="0" count_in_map="1" count_in_player="0" crafted="0" deloot="0"/>
        <usage name="Medic"/>
        <tag name="shelves"/>
        <value name="Tier1"/>
        <value name="Tier2"/>
    </type>
 	<type name="CP_Plant_CannabisS1">
        <lifetime>3888000</lifetime>
        <flags count_in_cargo="0" count_in_hoarder="0" count_in_map="1" count_in_player="0" crafted="0" deloot="0"/>
    </type>
    <type name="CP_CannabisS1">
        <nominal>6</nominal>
        <lifetime>3600</lifetime>
        <restock>1800</restock>
        <min>4</min>
        <quantmin>-1</quantmin>
        <quantmax>-1</quantmax>
        <cost>100</cost>
        <flags count_in_cargo="0" count_in_hoarder="0" count_in_map="1" count_in_player="0" crafted="0" deloot="0"/>
        <category name="food"/>
        <tag name="shelves"/>
        <usage name="Farm"/>
        <usage name="Town"/>
        <usage name="Village"/>
    </type>
    <type name="CP_CannabisSeedsS1">
        <nominal>0</nominal>
        <lifetime>86400</lifetime>
        <restock>1800</restock>
        <min>0</min>
        <quantmin>-1</quantmin>
        <quantmax>-1</quantmax>
        <cost>100</cost>
        <flags count_in_cargo="0" count_in_hoarder="0" count_in_map="1" count_in_player="0" crafted="1" deloot="0"/>
        <category name="food"/>
    </type>
    <type name="CP_CannabisSeedsPackS1">
        <nominal>4</nominal>
        <lifetime>7200</lifetime>
        <restock>1800</restock>
        <min>1</min>
        <quantmin>-1</quantmin>
        <quantmax>-1</quantmax>
        <cost>100</cost>
        <flags count_in_cargo="0" count_in_hoarder="0" count_in_map="1" count_in_player="0" crafted="0" deloot="0"/>
        <category name="food"/>
        <usage name="Farm"/>
        <usage name="Hunting"/>
    </type>
    <type name="CP_CannabisBagS1">
        <nominal>0</nominal>
        <lifetime>7200</lifetime>
        <restock>1800</restock>
        <min>0</min>
        <quantmin>-1</quantmin>
        <quantmax>-1</quantmax>
        <cost>100</cost>
        <flags count_in_cargo="0" count_in_hoarder="0" count_in_map="1" count_in_player="0" crafted="1" deloot="0"/>
        <category name="food"/>
    </type>
    <type name="CP_CannabisBrickS1">
        <nominal>0</nominal>
        <lifetime>7200</lifetime>
        <restock>1800</restock>
        <min>0</min>
        <quantmin>-1</quantmin>
        <quantmax>-1</quantmax>
        <cost>100</cost>
        <flags count_in_cargo="0" count_in_hoarder="0" count_in_map="1" count_in_player="0" crafted="1" deloot="0"/>
        <category name="food"/>
    </type>
    <type name="CP_CigarettePack_CannabisS1">
        <nominal>2</nominal>
        <lifetime>7200</lifetime>
        <restock>1800</restock>
        <min>1</min>
        <quantmin>1</quantmin>
        <quantmax>100</quantmax>
        <cost>100</cost>
        <flags count_in_cargo="0" count_in_hoarder="0" count_in_map="1" count_in_player="0" crafted="0" deloot="0"/>
        <usage name="Medic"/>
        <tag name="shelves"/>
        <value name="Tier4"/>
    </type>
    <type name="CP_JointS1">
        <nominal>6</nominal>
        <lifetime>7200</lifetime>
        <restock>1800</restock>
        <min>4</min>
        <quantmin>-1</quantmin>
        <quantmax>-1</quantmax>
        <cost>100</cost>
        <flags count_in_cargo="0" count_in_hoarder="0" count_in_map="1" count_in_player="0" crafted="0" deloot="0"/>
        <usage name="Medic"/>
        <tag name="shelves"/>
        <value name="Tier1"/>
        <value name="Tier2"/>
    </type>
     	<type name="CP_Plant_CannabisNomad">
        <lifetime>3888000</lifetime>
        <flags count_in_cargo="0" count_in_hoarder="0" count_in_map="1" count_in_player="0" crafted="0" deloot="0"/>
    </type>
    <type name="CP_CannabisNomad">
        <nominal>6</nominal>
        <lifetime>3600</lifetime>
        <restock>1800</restock>
        <min>4</min>
        <quantmin>-1</quantmin>
        <quantmax>-1</quantmax>
        <cost>100</cost>
        <flags count_in_cargo="0" count_in_hoarder="0" count_in_map="1" count_in_player="0" crafted="0" deloot="0"/>
        <category name="food"/>
        <tag name="shelves"/>
        <usage name="Farm"/>
        <usage name="Town"/>
        <usage name="Village"/>
    </type>
    <type name="CP_CannabisSeedsNomad">
        <nominal>0</nominal>
        <lifetime>86400</lifetime>
        <restock>1800</restock>
        <min>0</min>
        <quantmin>-1</quantmin>
        <quantmax>-1</quantmax>
        <cost>100</cost>
        <flags count_in_cargo="0" count_in_hoarder="0" count_in_map="1" count_in_player="0" crafted="1" deloot="0"/>
        <category name="food"/>
    </type>
    <type name="CP_CannabisSeedsPackNomad">
        <nominal>4</nominal>
        <lifetime>7200</lifetime>
        <restock>1800</restock>
        <min>1</min>
        <quantmin>-1</quantmin>
        <quantmax>-1</quantmax>
        <cost>100</cost>
        <flags count_in_cargo="0" count_in_hoarder="0" count_in_map="1" count_in_player="0" crafted="0" deloot="0"/>
        <category name="food"/>
        <usage name="Farm"/>
        <usage name="Hunting"/>
    </type>
    <type name="CP_CannabisBagNomad">
        <nominal>0</nominal>
        <lifetime>7200</lifetime>
        <restock>1800</restock>
        <min>0</min>
        <quantmin>-1</quantmin>
        <quantmax>-1</quantmax>
        <cost>100</cost>
        <flags count_in_cargo="0" count_in_hoarder="0" count_in_map="1" count_in_player="0" crafted="1" deloot="0"/>
        <category name="food"/>
    </type>
    <type name="CP_CannabisBrickNomad">
        <nominal>0</nominal>
        <lifetime>7200</lifetime>
        <restock>1800</restock>
        <min>0</min>
        <quantmin>-1</quantmin>
        <quantmax>-1</quantmax>
        <cost>100</cost>
        <flags count_in_cargo="0" count_in_hoarder="0" count_in_map="1" count_in_player="0" crafted="1" deloot="0"/>
        <category name="food"/>
    </type>
    <type name="CP_CigarettePack_CannabisNomad">
        <nominal>2</nominal>
        <lifetime>7200</lifetime>
        <restock>1800</restock>
        <min>1</min>
        <quantmin>1</quantmin>
        <quantmax>100</quantmax>
        <cost>100</cost>
        <flags count_in_cargo="0" count_in_hoarder="0" count_in_map="1" count_in_player="0" crafted="0" deloot="0"/>
        <usage name="Medic"/>
        <tag name="shelves"/>
        <value name="Tier4"/>
    </type>
    <type name="CP_JointNomad">
        <nominal>6</nominal>
        <lifetime>7200</lifetime>
        <restock>1800</restock>
        <min>4</min>
        <quantmin>-1</quantmin>
        <quantmax>-1</quantmax>
        <cost>100</cost>
        <flags count_in_cargo="0" count_in_hoarder="0" count_in_map="1" count_in_player="0" crafted="0" deloot="0"/>
        <usage name="Medic"/>
        <tag name="shelves"/>
        <value name="Tier1"/>
        <value name="Tier2"/>
    </type>
  	<type name="CP_Plant_CannabisBlackFrost">
        <lifetime>3888000</lifetime>
        <flags count_in_cargo="0" count_in_hoarder="0" count_in_map="1" count_in_player="0" crafted="0" deloot="0"/>
    </type>
    <type name="CP_CannabisBlackFrost">
        <nominal>6</nominal>
        <lifetime>3600</lifetime>
        <restock>1800</restock>
        <min>4</min>
        <quantmin>-1</quantmin>
        <quantmax>-1</quantmax>
        <cost>100</cost>
        <flags count_in_cargo="0" count_in_hoarder="0" count_in_map="1" count_in_player="0" crafted="0" deloot="0"/>
        <category name="food"/>
        <tag name="shelves"/>
        <usage name="Farm"/>
        <usage name="Town"/>
        <usage name="Village"/>
    </type>
    <type name="CP_CannabisSeedsBlackFrost">
        <nominal>0</nominal>
        <lifetime>86400</lifetime>
        <restock>1800</restock>
        <min>0</min>
        <quantmin>-1</quantmin>
        <quantmax>-1</quantmax>
        <cost>100</cost>
        <flags count_in_cargo="0" count_in_hoarder="0" count_in_map="1" count_in_player="0" crafted="1" deloot="0"/>
        <category name="food"/>
    </type>
    <type name="CP_CannabisSeedsPackBlackFrost">
        <nominal>4</nominal>
        <lifetime>7200</lifetime>
        <restock>1800</restock>
        <min>1</min>
        <quantmin>-1</quantmin>
        <quantmax>-1</quantmax>
        <cost>100</cost>
        <flags count_in_cargo="0" count_in_hoarder="0" count_in_map="1" count_in_player="0" crafted="0" deloot="0"/>
        <category name="food"/>
        <usage name="Farm"/>
        <usage name="Hunting"/>
    </type>
    <type name="CP_CannabisBagBlackFrost">
        <nominal>0</nominal>
        <lifetime>7200</lifetime>
        <restock>1800</restock>
        <min>0</min>
        <quantmin>-1</quantmin>
        <quantmax>-1</quantmax>
        <cost>100</cost>
        <flags count_in_cargo="0" count_in_hoarder="0" count_in_map="1" count_in_player="0" crafted="1" deloot="0"/>
        <category name="food"/>
    </type>
    <type name="CP_CannabisBrickBlackFrost">
        <nominal>0</nominal>
        <lifetime>7200</lifetime>
        <restock>1800</restock>
        <min>0</min>
        <quantmin>-1</quantmin>
        <quantmax>-1</quantmax>
        <cost>100</cost>
        <flags count_in_cargo="0" count_in_hoarder="0" count_in_map="1" count_in_player="0" crafted="1" deloot="0"/>
        <category name="food"/>
    </type>
    <type name="CP_CigarettePack_CannabisBlackFrost">
        <nominal>2</nominal>
        <lifetime>7200</lifetime>
        <restock>1800</restock>
        <min>1</min>
        <quantmin>1</quantmin>
        <quantmax>100</quantmax>
        <cost>100</cost>
        <flags count_in_cargo="0" count_in_hoarder="0" count_in_map="1" count_in_player="0" crafted="0" deloot="0"/>
        <usage name="Medic"/>
        <tag name="shelves"/>
        <value name="Tier4"/>
    </type>
    <type name="CP_JointBlackFrost">
        <nominal>6</nominal>
        <lifetime>7200</lifetime>
        <restock>1800</restock>
        <min>4</min>
        <quantmin>-1</quantmin>
        <quantmax>-1</quantmax>
        <cost>100</cost>
        <flags count_in_cargo="0" count_in_hoarder="0" count_in_map="1" count_in_player="0" crafted="0" deloot="0"/>
        <usage name="Medic"/>
        <tag name="shelves"/>
        <value name="Tier1"/>
        <value name="Tier2"/>
    </type>

<!-- V2.5 - 23 Nov 2020 -->
    <type name="CP_Relief_Balm">
        <nominal>20</nominal>
        <lifetime>7200</lifetime>
        <restock>1800</restock>
        <min>10</min>
        <quantmin>-1</quantmin>
        <quantmax>-1</quantmax>
        <cost>100</cost>
        <flags count_in_cargo="0" count_in_hoarder="0" count_in_map="1" count_in_player="0" crafted="0" deloot="0"/>
        <usage name="Medic"/>
        <tag name="shelves"/>
        <value name="Tier3"/>
        <value name="Tier4"/>
    </type>

<!-- V3.0 - 2022 -->
    <type name="CP_Pouch">
        <nominal>10</nominal>
        <lifetime>3600</lifetime>
        <restock>1800</restock>
        <min>5</min>
        <quantmin>-1</quantmin>
        <quantmax>-1</quantmax>
        <cost>100</cost>
        <flags count_in_cargo="0" count_in_hoarder="0" count_in_map="1" count_in_player="0" crafted="0" deloot="0"/>
        <usage name="Industrial"/>
        <usage name="Farm"/>
        <usage name="Office"/>
        <usage name="School"/>
        <usage name="Prison"/>
        <value name="Tier3"/>
        <value name="Tier4"/>
    </type>
    <type name="CP_DryPost_Kit">
        <nominal>0</nominal>
        <lifetime>7200</lifetime>
        <restock>1800</restock>
        <min>0</min>
        <quantmin>-1</quantmin>
        <quantmax>-1</quantmax>
        <cost>100</cost>
        <flags count_in_cargo="0" count_in_hoarder="0" count_in_map="1" count_in_player="0" crafted="1" deloot="0"/>
        <usage name="Industrial"/>
        <usage name="Farm"/>
        <usage name="Office"/>
        <usage name="School"/>
        <usage name="Prison"/>
    </type>
    <type name="CP_DryPost">
        <lifetime>3888000</lifetime>
        <flags count_in_cargo="0" count_in_hoarder="0" count_in_map="1" count_in_player="0" crafted="1" deloot="0"/>
    </type>
    <type name="CP_DriedCannabisPlant">
        <lifetime>7200</lifetime>
        <flags count_in_cargo="0" count_in_hoarder="0" count_in_map="1" count_in_player="0" crafted="1" deloot="0"/>
    </type>
    <type name="CP_RawSkunkCannabisPlant">
        <lifetime>7200</lifetime>
        <flags count_in_cargo="0" count_in_hoarder="0" count_in_map="1" count_in_player="0" crafted="1" deloot="0"/>
    </type>    
    <type name="CP_RawBlueCannabisPlant">
        <lifetime>7200</lifetime>
        <flags count_in_cargo="0" count_in_hoarder="0" count_in_map="1" count_in_player="0" crafted="1" deloot="0"/>
    </type>    
    <type name="CP_RawKushCannabisPlant">
        <lifetime>7200</lifetime>
        <flags count_in_cargo="0" count_in_hoarder="0" count_in_map="1" count_in_player="0" crafted="1" deloot="0"/>
    </type>    
    <type name="CP_RawStardawgCannabisPlant">
        <lifetime>7200</lifetime>
        <flags count_in_cargo="0" count_in_hoarder="0" count_in_map="1" count_in_player="0" crafted="1" deloot="0"/>
    </type>    
    <type name="CP_RawFutureCannabisPlant">
        <lifetime>7200</lifetime>
        <flags count_in_cargo="0" count_in_hoarder="0" count_in_map="1" count_in_player="0" crafted="1" deloot="0"/>
    </type>    
    <type name="CP_RawNomadCannabisPlant">
        <lifetime>7200</lifetime>
        <flags count_in_cargo="0" count_in_hoarder="0" count_in_map="1" count_in_player="0" crafted="1" deloot="0"/>
    </type>    
    <type name="CP_RawS1CannabisPlant">
        <lifetime>7200</lifetime>
        <flags count_in_cargo="0" count_in_hoarder="0" count_in_map="1" count_in_player="0" crafted="1" deloot="0"/>
    </type>    
    <type name="CP_RawBlackFrostCannabisPlant">
        <lifetime>7200</lifetime>
        <flags count_in_cargo="0" count_in_hoarder="0" count_in_map="1" count_in_player="0" crafted="1" deloot="0"/>
    </type>    
    <type name="CP_Workbench_Kit">
        <nominal>40</nominal>
        <lifetime>7200</lifetime>
        <restock>1800</restock>
        <min>20</min>
        <quantmin>-1</quantmin>
        <quantmax>-1</quantmax>
        <cost>100</cost>
        <flags count_in_cargo="0" count_in_hoarder="0" count_in_map="1" count_in_player="0" crafted="0" deloot="0"/>
        <usage name="Industrial"/>
        <usage name="Farm"/>
        <usage name="Office"/>
        <usage name="School"/>
        <usage name="Prison"/>
        <value name="Tier3"/>
        <value name="Tier4"/>
    </type>
    <type name="CP_Workbench">
        <lifetime>3888000</lifetime>
        <flags count_in_cargo="0" count_in_hoarder="0" count_in_map="1" count_in_player="0" crafted="1" deloot="0"/>
    </type>
    <type name="CP_Bagger">
        <nominal>20</nominal>
        <lifetime>7200</lifetime>
        <restock>1800</restock>
        <min>10</min>
        <quantmin>-1</quantmin>
        <quantmax>-1</quantmax>
        <cost>100</cost>
        <flags count_in_cargo="0" count_in_hoarder="0" count_in_map="1" count_in_player="0" crafted="0" deloot="0"/>
        <category name="tools"/>
        <tag name="shelves"/>
        <usage name="Town"/>
        <usage name="Village"/>
        <usage name="School"/>
        <value name="Tier3"/>
        <value name="Tier4"/>
    </type>
    <type name="CP_PlasticWrapper">
        <nominal>20</nominal>
        <lifetime>7200</lifetime>
        <restock>1800</restock>
        <min>10</min>
        <quantmin>-1</quantmin>
        <quantmax>-1</quantmax>
        <cost>100</cost>
        <flags count_in_cargo="0" count_in_hoarder="0" count_in_map="1" count_in_player="0" crafted="0" deloot="0"/>
        <category name="tools"/>
        <tag name="shelves"/>
        <usage name="Town"/>
        <usage name="Village"/>
        <usage name="School"/>
        <value name="Tier3"/>
        <value name="Tier4"/>
    </type>    
    <type name="CP_EmptyBag">
        <nominal>60</nominal>
        <lifetime>7200</lifetime>
        <restock>1800</restock>
        <min>45</min>
        <quantmin>20</quantmin>
        <quantmax>100</quantmax>
        <cost>100</cost>
        <flags count_in_cargo="0" count_in_hoarder="0" count_in_map="1" count_in_player="0" crafted="0" deloot="0"/>
        <category name="tools"/>
        <tag name="shelves"/>
        <usage name="Town"/>
        <usage name="Village"/>
        <usage name="School"/>
    </type>
    <type name="CP_PlasticRoll">
        <nominal>40</nominal>
        <lifetime>7200</lifetime>
        <restock>1800</restock>
        <min>30</min>
        <quantmin>20</quantmin>
        <quantmax>100</quantmax>
        <cost>100</cost>
        <flags count_in_cargo="0" count_in_hoarder="0" count_in_map="1" count_in_player="0" crafted="0" deloot="0"/>
        <category name="tools"/>
        <value name="Tier3"/>
        <value name="Tier4"/>
    </type>
</types>