<?xml version="1.0" encoding="UTF-8" standalone="yes"?>
<types>
	<type name="Dogtag_Survivor">
		<lifetime>14400</lifetime>
		<flags count_in_cargo="0" count_in_hoarder="0" count_in_map="1" count_in_player="0" crafted="0" deloot="0"/>
	</type>
	<type name="Dogtag_Hero">
		<lifetime>14400</lifetime>
		<flags count_in_cargo="0" count_in_hoarder="0" count_in_map="1" count_in_player="0" crafted="0" deloot="0"/>
	</type>
	<type name="Dogtag_Bandit">
		<lifetime>14400</lifetime>
		<flags count_in_cargo="0" count_in_hoarder="0" count_in_map="1" count_in_player="0" crafted="0" deloot="0"/>
	</type>
	<type name="Dogtag_Silver">
		<lifetime>14400</lifetime>
		<flags count_in_cargo="0" count_in_hoarder="0" count_in_map="1" count_in_player="0" crafted="0" deloot="0"/>
	</type>
	<type name="Dogtag_Granite">
		<lifetime>14400</lifetime>
		<flags count_in_cargo="0" count_in_hoarder="0" count_in_map="1" count_in_player="0" crafted="0" deloot="0"/>
	</type>
	<type name="Dogtag_Cobalt">
		<lifetime>14400</lifetime>
		<flags count_in_cargo="0" count_in_hoarder="0" count_in_map="1" count_in_player="0" crafted="0" deloot="0"/>
	</type>
	<type name="DogtagCase">
		<nominal>15</nominal>
		<lifetime>3888000</lifetime>
		<restock>0</restock>
		<min>5</min>
		<quantmin>-1</quantmin>
		<quantmax>-1</quantmax>
		<cost>100</cost>
		<flags count_in_cargo="0" count_in_hoarder="0" count_in_map="1" count_in_player="0" crafted="0" deloot="0"/>
		<category name="containers"/>
		<usage name="Military"/>
	</type>
</types>