<?xml version="1.0" encoding="UTF-8" standalone="yes"?>

<!--VESTS-->

<types>
	<type name="MMG_tt_Vest_police">
		<nominal>5</nominal>
		<lifetime>7200</lifetime>
		<restock>7200</restock>
		<min>1</min>
		<quantmin>-1</quantmin>
		<quantmax>-1</quantmax>
		<cost>100</cost>
		<flags count_in_cargo="0" count_in_hoarder="0" count_in_map="1" count_in_player="0" crafted="0" deloot="0"/>
		<category name="clothes"/>
		<usage name="Military"/>
		<value name="Tier3"/>
		<value name="Tier4"/>
	</type>
		 <type name="MMG_tactical_helmet_police">
        <nominal>5</nominal>
        <lifetime>7200</lifetime>
        <restock>7200</restock>
        <min>1</min>
        <quantmin>-1</quantmin>
        <quantmax>-1</quantmax>
        <cost>100</cost>
        <flags count_in_cargo="0" count_in_hoarder="0" count_in_map="1" count_in_player="0" crafted="0" deloot="0"/>
        <category name="clothes"/>
        <usage name="Military"/>
        <value name="Tier3"/>
        <value name="Tier4"/>
    </type>
	 <type name="MMG_combatshirt_police">
        <nominal>5</nominal>
        <lifetime>7200</lifetime>
        <restock>7200</restock>
        <min>1</min>
        <quantmin>-1</quantmin>
        <quantmax>-1</quantmax>
        <cost>100</cost>
        <flags count_in_cargo="0" count_in_hoarder="0" count_in_map="1" count_in_player="0" crafted="0" deloot="0"/>
        <category name="clothes"/>
        <usage name="Military"/>
        <value name="Tier3"/>
        <value name="Tier4"/>
    </type>
    <type name="MMG_combatpants_police">
        <nominal>5</nominal>
        <lifetime>7200</lifetime>
        <restock>7200</restock>
        <min>1</min>
        <quantmin>-1</quantmin>
        <quantmax>-1</quantmax>
        <cost>100</cost>
        <flags count_in_cargo="0" count_in_hoarder="0" count_in_map="1" count_in_player="0" crafted="0" deloot="0"/>
        <category name="clothes"/>
        <usage name="Military"/>
        <value name="Tier3"/>
        <value name="Tier4"/>
    </type>
</types>