<?xml version="1.0" encoding="UTF-8" standalone="yes"?>

<!--NBC POUCH-->

<types>
    <type name="MMG_nbc_pouch">
        <nominal>5</nominal>
        <lifetime>7200</lifetime>
        <restock>7200</restock>
        <min>1</min>
        <quantmin>-1</quantmin>
        <quantmax>-1</quantmax>
        <cost>100</cost>
        <flags count_in_cargo="0" count_in_hoarder="0" count_in_map="1" count_in_player="0" crafted="0" deloot="0"/>
        <usage name="Military"/>
        <usage name="Hunting"/>
        <usage name="Industrial"/>
        <value name="Tier2"/>
        <value name="Tier3"/>
        <value name="Tier4"/>
    </type>

<!--GP-NVG-->

    <type name="mmg_gp_nvg_black">
        <nominal>5</nominal>
        <lifetime>7200</lifetime>
        <restock>7200</restock>
        <min>1</min>
        <quantmin>-1</quantmin>
        <quantmax>-1</quantmax>
        <cost>100</cost>
        <flags count_in_cargo="0" count_in_hoarder="0" count_in_map="1" count_in_player="0" crafted="0" deloot="0"/>
        <usage name="Military"/>
        <usage name="Hunting"/>
        <value name="Tier3"/>
        <value name="Tier4"/>
    </type>
    <type name="mmg_gp_nvg_tan">
        <nominal>5</nominal>
        <lifetime>7200</lifetime>
        <restock>7200</restock>
        <min>1</min>
        <quantmin>-1</quantmin>
        <quantmax>-1</quantmax>
        <cost>100</cost>
        <flags count_in_cargo="0" count_in_hoarder="0" count_in_map="1" count_in_player="0" crafted="0" deloot="0"/>
        <usage name="Military"/>
        <usage name="Hunting"/>
        <value name="Tier3"/>
        <value name="Tier4"/>
    </type>
    <type name="mmg_gp_nvg_green">
        <nominal>5</nominal>
        <lifetime>7200</lifetime>
        <restock>7200</restock>
        <min>1</min>
        <quantmin>-1</quantmin>
        <quantmax>-1</quantmax>
        <cost>100</cost>
        <flags count_in_cargo="0" count_in_hoarder="0" count_in_map="1" count_in_player="0" crafted="0" deloot="0"/>
        <usage name="Military"/>
        <usage name="Hunting"/>
        <value name="Tier3"/>
        <value name="Tier4"/>
    </type>
    <type name="mmg_gp_nvg_grey">
        <nominal>5</nominal>
        <lifetime>7200</lifetime>
        <restock>7200</restock>
        <min>1</min>
        <quantmin>-1</quantmin>
        <quantmax>-1</quantmax>
        <cost>100</cost>
        <flags count_in_cargo="0" count_in_hoarder="0" count_in_map="1" count_in_player="0" crafted="0" deloot="0"/>
        <usage name="Military"/>
        <usage name="Hunting"/>
        <value name="Tier3"/>
        <value name="Tier4"/>
    </type>
</types>