<types>
    <type name="MMG_tt_vest_admin">
        <nominal>0</nominal>
        <lifetime>7200</lifetime>
        <restock>7200</restock>
        <min>0</min>
        <quantmin>-1</quantmin>
        <quantmax>-1</quantmax>
        <cost>100</cost>
        <flags count_in_cargo="0" count_in_hoarder="0" count_in_map="1" count_in_player="0" crafted="0" deloot="0"/>
        <category name="clothes"/>
        <usage name="Military"/>
		<usage name="Hunting"/>
        <value name="Tier3"/>
        <value name="Tier4"/>
    </type>
    <type name="MMG_striker_helmet_admin">
        <nominal>0</nominal>
        <lifetime>7200</lifetime>
        <restock>7200</restock>
        <min>1</min>
        <quantmin>-1</quantmin>
        <quantmax>-1</quantmax>
        <cost>100</cost>
        <flags count_in_cargo="0" count_in_hoarder="0" count_in_map="1" count_in_player="0" crafted="0" deloot="0"/>
        <category name="clothes"/>
        <usage name="Military"/>
		<usage name="Hunting"/>
        <value name="Tier3"/>
        <value name="Tier4"/>
    </type>
    <type name="MMG_combatpants_admin">
        <nominal>0</nominal>
        <lifetime>7200</lifetime>
        <restock>7200</restock>
        <min>0</min>
        <quantmin>-1</quantmin>
        <quantmax>-1</quantmax>
        <cost>100</cost>
        <flags count_in_cargo="0" count_in_hoarder="0" count_in_map="1" count_in_player="0" crafted="0" deloot="0"/>
        <category name="clothes"/>
        <usage name="Military"/>
		<usage name="Hunting"/>
        <value name="Tier3"/>
        <value name="Tier4"/>
    </type>
    <type name="MMG_combatshirt_admin">
        <nominal>0</nominal>
        <lifetime>7200</lifetime>
        <restock>7200</restock>
        <min>0</min>
        <quantmin>-1</quantmin>
        <quantmax>-1</quantmax>
        <cost>100</cost>
        <flags count_in_cargo="0" count_in_hoarder="0" count_in_map="1" count_in_player="0" crafted="0" deloot="0"/>
        <category name="clothes"/>
        <usage name="Military"/>
		<usage name="Hunting"/>
        <value name="Tier3"/>
        <value name="Tier4"/>
    </type>
    <type name="MMG_balaclava_admin">
        <nominal>0</nominal>
        <lifetime>7200</lifetime>
        <restock>7200</restock>
        <min>0</min>
        <quantmin>-1</quantmin>
        <quantmax>-1</quantmax>
        <cost>100</cost>
        <flags count_in_cargo="0" count_in_hoarder="0" count_in_map="1" count_in_player="0" crafted="0" deloot="0"/>
        <category name="clothes"/>
        <usage name="Military"/>
		<usage name="Hunting"/>
        <value name="Tier3"/>
        <value name="Tier4"/>
    </type>
</types>