<?xml version="1.0" encoding="UTF-8" standalone="yes"?>
<events>
    <event name="TrajectoryMilitary">
        <nominal>30</nominal>
        <min>2</min>
        <max>4</max>
        <lifetime>180</lifetime>
        <restock>0</restock>
        <saferadius>25</saferadius>
        <distanceradius>100</distanceradius>
        <cleanupradius>25</cleanupradius>
        <flags deletable="0" init_random="0" remove_damaged="0"/>
        <position>player</position>
        <limit>mixed</limit>
        <active>1</active>
        <children>
            <child lootmax="0" lootmin="0" max="0" min="0" type="TacticalBaconCan"/>
            <child lootmax="0" lootmin="0" max="0" min="0" type="Canteen"/>
            <child lootmax="0" lootmin="0" max="0" min="0" type="MilitaryBelt"/>
            <child lootmax="0" lootmin="0" max="0" min="0" type="NylonKnifeSheath"/>
            <child lootmax="0" lootmin="0" max="0" min="0" type="CombatKnife"/>
            <child lootmax="0" lootmin="0" max="0" min="0" type="AmmoBox_556x45_20Rnd"/>
            <child lootmax="0" lootmin="0" max="0" min="0" type="AmmoBox_9x19_25rnd"/>
        </children>
    </event>
</events>
